sys_id,property_sys_id,sale_date,sale_price_usd,price_per_unit_usd,price_per_sqft_usd,reported_cap_rate,buyer_name,seller_name,recording_ref,brokerage,was_portfolio,portfolio_name,notes,source,as_of_date,ingested_at,quality_flag
SALE-PROP-000005-1,PROP-000005,2019-07-31,24159154.0,251658.0,320.83,0.0478,HORIZON CAPITAL,LEGACY REALTY,BK8810/PG632,CUSHMAN CAPITAL MARKETS,True,,,GOTHAM_SYNTHETIC,2025-08-31,2025-09-27T18:57:54,passed
SALE-PROP-000008-1,PROP-000008,2014-06-30,6413768.0,39348.0,48.11,0.0713,RIDGE CAPITAL,LEGACY REALTY,BK8028/PG636,CBRE CAPITAL MARKETS,False,SUBURBAN VALUE-ADD,,GOTHAM_SYNTHETIC,2025-08-31,2025-09-27T18:57:54,passed
SALE-PROP-000008-2,PROP-000008,2018-09-30,5564352.0,34137.0,41.74,0.0698,RIDGE CAPITAL,URBAN REALTY,BK7054/PG588,BERKADIA CAPITAL MARKETS,True,,,GOTHAM_SYNTHETIC,2025-08-31,2025-09-27T18:57:54,passed
SALE-PROP-000009-1,PROP-000009,2021-03-31,11747415.0,170252.0,221.22,0.0563,SUMMIT CAPITAL,LEGACY REALTY,BK8801/PG815,CUSHMAN CAPITAL MARKETS,False,SUBURBAN VALUE-ADD,,GOTHAM_SYNTHETIC,2025-08-31,2025-09-27T18:57:54,passed
SALE-PROP-000019-1,PROP-000019,2024-03-31,3870753.0,129025.0,149.25,0.052,ATLANTIC CAPITAL,NORTHSTAR REALTY,BK7293/PG778,JLL CAPITAL MARKETS,False,GOTHAM CORE MF,,GOTHAM_SYNTHETIC,2025-08-31,2025-09-27T18:57:54,passed
SALE-PROP-000019-2,PROP-000019,2016-01-31,4453774.0,148459.0,171.73,0.0523,PACIFIC CAPITAL,CROWN REALTY,BK5358/PG78,BERKADIA CAPITAL MARKETS,False,RIVER DISTRICT,,GOTHAM_SYNTHETIC,2025-08-31,2025-09-27T18:57:54,passed
SALE-PROP-000021-1,PROP-000021,2019-08-31,22257223.0,229456.0,265.27,0.0633,PACIFIC CAPITAL,URBAN REALTY,BK4659/PG658,CBRE CAPITAL MARKETS,False,,,GOTHAM_SYNTHETIC,2025-08-31,2025-09-27T18:57:54,passed
SALE-PROP-000026-1,PROP-000026,2014-05-31,11922553.0,220788.0,251.53,0.0628,ATLANTIC CAPITAL,CROWN REALTY,BK2972/PG312,CBRE CAPITAL MARKETS,False,RIVER DISTRICT,,GOTHAM_SYNTHETIC,2025-08-31,2025-09-27T18:57:54,passed
SALE-PROP-000029-1,PROP-000029,2017-09-30,79599997.0,414583.0,516.1,0.045,HORIZON CAPITAL,LEGACY REALTY,BK5276/PG219,JLL CAPITAL MARKETS,False,GOTHAM CORE MF,,GOTHAM_SYNTHETIC,2025-08-31,2025-09-27T18:57:54,passed
SALE-PROP-000029-2,PROP-000029,2013-10-31,92492552.0,481732.0,599.69,0.0538,PACIFIC CAPITAL,NORTHSTAR REALTY,BK7039/PG486,JLL CAPITAL MARKETS,False,,,GOTHAM_SYNTHETIC,2025-08-31,2025-09-27T18:57:54,passed
SALE-PROP-000033-1,PROP-000033,2017-04-30,24661371.0,162246.0,215.95,0.0497,SUMMIT CAPITAL,CROWN REALTY,BK8427/PG301,JLL CAPITAL MARKETS,False,SUBURBAN VALUE-ADD,,GOTHAM_SYNTHETIC,2025-08-31,2025-09-27T18:57:54,passed
SALE-PROP-000033-2,PROP-000033,2024-07-31,22798268.0,149989.0,199.64,0.0536,HORIZON CAPITAL,LEGACY REALTY,BK8816/PG387,JLL CAPITAL MARKETS,False,,,GOTHAM_SYNTHETIC,2025-08-31,2025-09-27T18:57:54,passed
SALE-PROP-000037-1,PROP-000037,2015-08-31,11452140.0,381738.0,502.55,0.0466,RIDGE CAPITAL,LEGACY REALTY,BK1645/PG914,NEWMARK CAPITAL MARKETS,True,RIVER DISTRICT,,GOTHAM_SYNTHETIC,2025-08-31,2025-09-27T18:57:54,passed
SALE-PROP-000037-2,PROP-000037,2017-07-31,9968824.0,332294.0,437.46,0.0507,HORIZON CAPITAL,URBAN REALTY,BK3483/PG114,NEWMARK CAPITAL MARKETS,True,RIVER DISTRICT,,GOTHAM_SYNTHETIC,2025-08-31,2025-09-27T18:57:54,passed
SALE-PROP-000038-1,PROP-000038,2019-03-31,91826360.0,282543.0,334.41,0.0501,HORIZON CAPITAL,SAPPHIRE REALTY,BK6629/PG778,CBRE CAPITAL MARKETS,False,GOTHAM CORE MF,,GOTHAM_SYNTHETIC,2025-08-31,2025-09-27T18:57:54,passed
SALE-PROP-000038-2,PROP-000038,2016-02-29,88583487.0,272565.0,322.6,0.0469,PACIFIC CAPITAL,URBAN REALTY,BK9980/PG852,CBRE CAPITAL MARKETS,False,,,GOTHAM_SYNTHETIC,2025-08-31,2025-09-27T18:57:54,passed
SALE-PROP-000039-1,PROP-000039,2021-05-31,8093420.0,269781.0,293.43,0.0546,HORIZON CAPITAL,CROWN REALTY,BK1396/PG63,JLL CAPITAL MARKETS,False,GOTHAM CORE MF,,GOTHAM_SYNTHETIC,2025-08-31,2025-09-27T18:57:54,passed
SALE-PROP-000039-2,PROP-000039,2021-05-31,7122373.0,237412.0,258.23,0.0465,SUMMIT CAPITAL,URBAN REALTY,BK9201/PG337,CUSHMAN CAPITAL MARKETS,False,,,GOTHAM_SYNTHETIC,2025-08-31,2025-09-27T18:57:54,passed
SALE-PROP-000040-1,PROP-000040,2017-08-31,65011886.0,215271.0,255.42,0.0522,PACIFIC CAPITAL,CROWN REALTY,BK2113/PG51,JLL CAPITAL MARKETS,False,RIVER DISTRICT,,GOTHAM_SYNTHETIC,2025-08-31,2025-09-27T18:57:54,passed
SALE-PROP-000040-2,PROP-000040,2020-11-30,55070557.0,182353.0,216.37,0.0572,PACIFIC CAPITAL,NORTHSTAR REALTY,BK6724/PG728,CBRE CAPITAL MARKETS,False,SUBURBAN VALUE-ADD,,GOTHAM_SYNTHETIC,2025-08-31,2025-09-27T18:57:54,passed
SALE-PROP-000043-1,PROP-000043,2016-08-31,49503886.0,361342.0,425.71,0.045,ATLANTIC CAPITAL,LEGACY REALTY,BK5352/PG579,CUSHMAN CAPITAL MARKETS,False,RIVER DISTRICT,,GOTHAM_SYNTHETIC,2025-08-31,2025-09-27T18:57:54,passed
SALE-PROP-000046-1,PROP-000046,2019-04-30,10083457.0,234499.0,271.29,0.0453,PACIFIC CAPITAL,NORTHSTAR REALTY,BK5675/PG472,CBRE CAPITAL MARKETS,False,,,GOTHAM_SYNTHETIC,2025-08-31,2025-09-27T18:57:54,passed
SALE-PROP-000047-1,PROP-000047,2024-02-29,77686406.0,424516.0,513.63,0.0598,HORIZON CAPITAL,URBAN REALTY,BK4279/PG787,NEWMARK CAPITAL MARKETS,False,SUBURBAN VALUE-ADD,,GOTHAM_SYNTHETIC,2025-08-31,2025-09-27T18:57:54,passed
SALE-PROP-000052-1,PROP-000052,2013-10-31,9176847.0,124011.0,174.37,0.0664,SUMMIT CAPITAL,CROWN REALTY,BK5134/PG232,NEWMARK CAPITAL MARKETS,True,GOTHAM CORE MF,,GOTHAM_SYNTHETIC,2025-08-31,2025-09-27T18:57:54,passed
SALE-PROP-000053-1,PROP-000053,2019-05-31,25298894.0,225883.0,271.46,0.0547,PACIFIC CAPITAL,SAPPHIRE REALTY,BK6363/PG478,BERKADIA CAPITAL MARKETS,False,RIVER DISTRICT,,GOTHAM_SYNTHETIC,2025-08-31,2025-09-27T18:57:54,passed
SALE-PROP-000060-1,PROP-000060,2024-08-31,7880868.0,79605.0,92.47,0.0689,ATLANTIC CAPITAL,NORTHSTAR REALTY,BK1183/PG979,CUSHMAN CAPITAL MARKETS,False,SUBURBAN VALUE-ADD,,GOTHAM_SYNTHETIC,2025-08-31,2025-09-27T18:57:54,passed
SALE-PROP-000064-1,PROP-000064,2020-10-31,56585779.0,300988.0,415.38,0.045,SUMMIT CAPITAL,SAPPHIRE REALTY,BK7108/PG87,CUSHMAN CAPITAL MARKETS,False,GOTHAM CORE MF,,GOTHAM_SYNTHETIC,2025-08-31,2025-09-27T18:57:54,passed
SALE-PROP-000064-2,PROP-000064,2020-08-31,45849712.0,243881.0,336.57,0.0534,HORIZON CAPITAL,LEGACY REALTY,BK3323/PG279,BERKADIA CAPITAL MARKETS,False,RIVER DISTRICT,,GOTHAM_SYNTHETIC,2025-08-31,2025-09-27T18:57:54,passed
SALE-PROP-000065-1,PROP-000065,2017-06-30,11900786.0,167617.0,205.34,0.068,HORIZON CAPITAL,NORTHSTAR REALTY,BK2410/PG752,JLL CAPITAL MARKETS,False,SUBURBAN VALUE-ADD,,GOTHAM_SYNTHETIC,2025-08-31,2025-09-27T18:57:54,passed
SALE-PROP-000066-1,PROP-000066,2022-09-30,6695567.0,54436.0,65.59,0.07,SUMMIT CAPITAL,URBAN REALTY,BK2067/PG417,BERKADIA CAPITAL MARKETS,True,,,GOTHAM_SYNTHETIC,2025-08-31,2025-09-27T18:57:54,passed
SALE-PROP-000066-2,PROP-000066,2018-01-31,6616590.0,53793.0,64.82,0.0642,PACIFIC CAPITAL,URBAN REALTY,BK1217/PG600,CBRE CAPITAL MARKETS,False,SUBURBAN VALUE-ADD,,GOTHAM_SYNTHETIC,2025-08-31,2025-09-27T18:57:54,passed
SALE-PROP-000069-1,PROP-000069,2023-10-31,6957378.0,90356.0,104.16,0.0629,RIDGE CAPITAL,URBAN REALTY,BK4847/PG716,BERKADIA CAPITAL MARKETS,False,GOTHAM CORE MF,,GOTHAM_SYNTHETIC,2025-08-31,2025-09-27T18:57:54,passed
SALE-PROP-000069-2,PROP-000069,2015-02-28,8066837.0,104764.0,120.76,0.0489,ATLANTIC CAPITAL,SAPPHIRE REALTY,BK4793/PG742,CBRE CAPITAL MARKETS,False,GOTHAM CORE MF,,GOTHAM_SYNTHETIC,2025-08-31,2025-09-27T18:57:54,passed
SALE-PROP-000073-1,PROP-000073,2012-12-31,12899313.0,143326.0,167.73,0.0532,ATLANTIC CAPITAL,URBAN REALTY,BK6254/PG762,CUSHMAN CAPITAL MARKETS,False,,,GOTHAM_SYNTHETIC,2025-08-31,2025-09-27T18:57:54,passed
SALE-PROP-000073-2,PROP-000073,2019-01-31,14270401.0,158560.0,185.56,0.0663,RIDGE CAPITAL,LEGACY REALTY,BK3418/PG843,BERKADIA CAPITAL MARKETS,False,,,GOTHAM_SYNTHETIC,2025-08-31,2025-09-27T18:57:54,passed
SALE-PROP-000074-1,PROP-000074,2022-11-30,28380117.0,166942.0,200.72,0.061,RIDGE CAPITAL,URBAN REALTY,BK6452/PG956,CUSHMAN CAPITAL MARKETS,False,,,GOTHAM_SYNTHETIC,2025-08-31,2025-09-27T18:57:54,passed
SALE-PROP-000074-2,PROP-000074,2015-10-31,29999809.0,176469.0,212.18,0.0594,SUMMIT CAPITAL,NORTHSTAR REALTY,BK6627/PG528,JLL CAPITAL MARKETS,False,RIVER DISTRICT,,GOTHAM_SYNTHETIC,2025-08-31,2025-09-27T18:57:54,passed
SALE-PROP-000080-1,PROP-000080,2022-12-31,10184828.0,156690.0,191.08,0.0591,ATLANTIC CAPITAL,NORTHSTAR REALTY,BK9512/PG116,NEWMARK CAPITAL MARKETS,True,RIVER DISTRICT,,GOTHAM_SYNTHETIC,2025-08-31,2025-09-27T18:57:54,passed
SALE-PROP-000080-2,PROP-000080,2013-05-31,9921494.0,152638.0,186.14,0.0652,RIDGE CAPITAL,SAPPHIRE REALTY,BK2915/PG343,CUSHMAN CAPITAL MARKETS,False,,,GOTHAM_SYNTHETIC,2025-08-31,2025-09-27T18:57:54,passed
SALE-PROP-000083-1,PROP-000083,2013-02-28,95988857.0,355514.0,440.37,0.0511,HORIZON CAPITAL,URBAN REALTY,BK8432/PG169,JLL CAPITAL MARKETS,False,GOTHAM CORE MF,,GOTHAM_SYNTHETIC,2025-08-31,2025-09-27T18:57:54,passed
SALE-PROP-000083-2,PROP-000083,2017-06-30,82498114.0,305549.0,378.48,0.0477,HORIZON CAPITAL,LEGACY REALTY,BK4962/PG783,BERKADIA CAPITAL MARKETS,False,RIVER DISTRICT,,GOTHAM_SYNTHETIC,2025-08-31,2025-09-27T18:57:54,passed
SALE-PROP-000085-1,PROP-000085,2024-08-31,9437447.0,147460.0,167.06,0.0644,HORIZON CAPITAL,LEGACY REALTY,BK2983/PG222,JLL CAPITAL MARKETS,False,GOTHAM CORE MF,,GOTHAM_SYNTHETIC,2025-08-31,2025-09-27T18:57:54,passed
SALE-PROP-000086-1,PROP-000086,2023-02-28,12106219.0,252213.0,297.17,0.0549,RIDGE CAPITAL,SAPPHIRE REALTY,BK1173/PG724,NEWMARK CAPITAL MARKETS,False,,,GOTHAM_SYNTHETIC,2025-08-31,2025-09-27T18:57:54,passed
SALE-PROP-000086-2,PROP-000086,2019-05-31,12048101.0,251002.0,295.75,0.0545,RIDGE CAPITAL,SAPPHIRE REALTY,BK8838/PG660,NEWMARK CAPITAL MARKETS,False,,,GOTHAM_SYNTHETIC,2025-08-31,2025-09-27T18:57:54,passed
SALE-PROP-000089-1,PROP-000089,2013-01-31,33278464.0,257973.0,298.47,0.045,PACIFIC CAPITAL,CROWN REALTY,BK2605/PG442,NEWMARK CAPITAL MARKETS,False,SUBURBAN VALUE-ADD,,GOTHAM_SYNTHETIC,2025-08-31,2025-09-27T18:57:54,passed
SALE-PROP-000089-2,PROP-000089,2014-01-31,26553146.0,205838.0,238.16,0.051,HORIZON CAPITAL,SAPPHIRE REALTY,BK1633/PG995,BERKADIA CAPITAL MARKETS,False,GOTHAM CORE MF,,GOTHAM_SYNTHETIC,2025-08-31,2025-09-27T18:57:54,passed
SALE-PROP-000092-1,PROP-000092,2017-02-28,6157227.0,205241.0,262.86,0.0478,RIDGE CAPITAL,URBAN REALTY,BK8688/PG45,CUSHMAN CAPITAL MARKETS,False,,,GOTHAM_SYNTHETIC,2025-08-31,2025-09-27T18:57:54,passed
SALE-PROP-000093-1,PROP-000093,2023-08-31,41530777.0,172327.0,209.41,0.0543,SUMMIT CAPITAL,CROWN REALTY,BK1462/PG967,NEWMARK CAPITAL MARKETS,False,RIVER DISTRICT,,GOTHAM_SYNTHETIC,2025-08-31,2025-09-27T18:57:54,passed
SALE-PROP-000093-2,PROP-000093,2017-04-30,36880765.0,153032.0,185.97,0.063,ATLANTIC CAPITAL,SAPPHIRE REALTY,BK9776/PG679,CBRE CAPITAL MARKETS,False,GOTHAM CORE MF,,GOTHAM_SYNTHETIC,2025-08-31,2025-09-27T18:57:54,passed
SALE-PROP-000097-1,PROP-000097,2024-04-30,8946460.0,133529.0,158.62,0.0738,ATLANTIC CAPITAL,LEGACY REALTY,BK7991/PG122,JLL CAPITAL MARKETS,False,GOTHAM CORE MF,,GOTHAM_SYNTHETIC,2025-08-31,2025-09-27T18:57:54,passed
SALE-PROP-000098-1,PROP-000098,2021-08-31,1790493.0,17554.0,23.23,0.0826,PACIFIC CAPITAL,URBAN REALTY,BK7172/PG54,CUSHMAN CAPITAL MARKETS,True,SUBURBAN VALUE-ADD,,GOTHAM_SYNTHETIC,2025-08-31,2025-09-27T18:57:54,passed
SALE-PROP-000098-2,PROP-000098,2013-11-30,1933912.0,18960.0,25.09,0.0706,PACIFIC CAPITAL,URBAN REALTY,BK8285/PG837,CBRE CAPITAL MARKETS,True,RIVER DISTRICT,,GOTHAM_SYNTHETIC,2025-08-31,2025-09-27T18:57:54,passed
SALE-PROP-000099-1,PROP-000099,2017-01-31,28410213.0,270573.0,356.16,0.0625,RIDGE CAPITAL,SAPPHIRE REALTY,BK1336/PG735,NEWMARK CAPITAL MARKETS,False,SUBURBAN VALUE-ADD,,GOTHAM_SYNTHETIC,2025-08-31,2025-09-27T18:57:54,passed
SALE-PROP-000101-1,PROP-000101,2024-04-30,35708318.0,182185.0,221.58,0.0683,PACIFIC CAPITAL,CROWN REALTY,BK7918/PG78,CBRE CAPITAL MARKETS,True,SUBURBAN VALUE-ADD,,GOTHAM_SYNTHETIC,2025-08-31,2025-09-27T18:57:54,passed
SALE-PROP-000101-2,PROP-000101,2017-02-28,39886066.0,203500.0,247.51,0.0582,ATLANTIC CAPITAL,URBAN REALTY,BK3253/PG133,CBRE CAPITAL MARKETS,True,RIVER DISTRICT,,GOTHAM_SYNTHETIC,2025-08-31,2025-09-27T18:57:54,passed
SALE-PROP-000105-1,PROP-000105,2017-07-31,31233697.0,121061.0,154.95,0.0681,SUMMIT CAPITAL,CROWN REALTY,BK7770/PG128,NEWMARK CAPITAL MARKETS,True,RIVER DISTRICT,,GOTHAM_SYNTHETIC,2025-08-31,2025-09-27T18:57:54,passed
SALE-PROP-000105-2,PROP-000105,2022-04-30,31355095.0,121531.0,155.55,0.0671,SUMMIT CAPITAL,SAPPHIRE REALTY,BK1183/PG390,CBRE CAPITAL MARKETS,False,GOTHAM CORE MF,,GOTHAM_SYNTHETIC,2025-08-31,2025-09-27T18:57:54,passed
SALE-PROP-000106-1,PROP-000106,2014-12-31,5191891.0,110466.0,130.77,0.0628,HORIZON CAPITAL,LEGACY REALTY,BK3245/PG337,JLL CAPITAL MARKETS,False,RIVER DISTRICT,,GOTHAM_SYNTHETIC,2025-08-31,2025-09-27T18:57:54,passed
SALE-PROP-000106-2,PROP-000106,2020-10-31,6488247.0,138048.0,163.43,0.0459,PACIFIC CAPITAL,SAPPHIRE REALTY,BK8843/PG229,CBRE CAPITAL MARKETS,True,GOTHAM CORE MF,,GOTHAM_SYNTHETIC,2025-08-31,2025-09-27T18:57:54,passed
SALE-PROP-000107-1,PROP-000107,2016-06-30,19814321.0,104838.0,121.26,0.0523,HORIZON CAPITAL,SAPPHIRE REALTY,BK9411/PG84,NEWMARK CAPITAL MARKETS,True,,,GOTHAM_SYNTHETIC,2025-08-31,2025-09-27T18:57:54,passed
SALE-PROP-000109-1,PROP-000109,2020-02-29,6053485.0,201783.0,253.34,0.0631,HORIZON CAPITAL,SAPPHIRE REALTY,BK1703/PG901,CUSHMAN CAPITAL MARKETS,False,GOTHAM CORE MF,,GOTHAM_SYNTHETIC,2025-08-31,2025-09-27T18:57:54,passed
SALE-PROP-000110-1,PROP-000110,2018-01-31,78973331.0,274213.0,338.87,0.0573,ATLANTIC CAPITAL,URBAN REALTY,BK3086/PG500,NEWMARK CAPITAL MARKETS,False,,,GOTHAM_SYNTHETIC,2025-08-31,2025-09-27T18:57:54,passed
SALE-PROP-000110-2,PROP-000110,2013-10-31,87796085.0,304848.0,376.73,0.045,SUMMIT CAPITAL,URBAN REALTY,BK9540/PG304,BERKADIA CAPITAL MARKETS,False,,,GOTHAM_SYNTHETIC,2025-08-31,2025-09-27T18:57:54,passed
SALE-PROP-000117-1,PROP-000117,2018-04-30,9743644.0,324788.0,411.12,0.0495,PACIFIC CAPITAL,LEGACY REALTY,BK5972/PG866,NEWMARK CAPITAL MARKETS,False,SUBURBAN VALUE-ADD,,GOTHAM_SYNTHETIC,2025-08-31,2025-09-27T18:57:54,passed
SALE-PROP-000117-2,PROP-000117,2016-12-31,9235542.0,307851.0,389.69,0.045,PACIFIC CAPITAL,SAPPHIRE REALTY,BK3248/PG490,CUSHMAN CAPITAL MARKETS,True,,,GOTHAM_SYNTHETIC,2025-08-31,2025-09-27T18:57:54,passed
SALE-PROP-000121-1,PROP-000121,2020-04-30,39829689.0,276595.0,355.16,0.0565,ATLANTIC CAPITAL,CROWN REALTY,BK4732/PG330,CUSHMAN CAPITAL MARKETS,False,RIVER DISTRICT,,GOTHAM_SYNTHETIC,2025-08-31,2025-09-27T18:57:54,passed
SALE-PROP-000121-2,PROP-000121,2019-04-30,43885841.0,304763.0,391.32,0.0638,SUMMIT CAPITAL,LEGACY REALTY,BK9481/PG702,BERKADIA CAPITAL MARKETS,False,,,GOTHAM_SYNTHETIC,2025-08-31,2025-09-27T18:57:54,passed
SALE-PROP-000123-1,PROP-000123,2013-04-30,9896952.0,113758.0,130.94,0.0503,SUMMIT CAPITAL,LEGACY REALTY,BK9892/PG576,CUSHMAN CAPITAL MARKETS,False,,,GOTHAM_SYNTHETIC,2025-08-31,2025-09-27T18:57:54,passed
SALE-PROP-000125-1,PROP-000125,2014-05-31,7446694.0,106381.0,134.02,0.0668,SUMMIT CAPITAL,CROWN REALTY,BK6527/PG197,BERKADIA CAPITAL MARKETS,False,,,GOTHAM_SYNTHETIC,2025-08-31,2025-09-27T18:57:54,passed
SALE-PROP-000125-2,PROP-000125,2016-09-30,6547193.0,93531.0,117.83,0.0645,RIDGE CAPITAL,CROWN REALTY,BK8521/PG560,CUSHMAN CAPITAL MARKETS,True,GOTHAM CORE MF,,GOTHAM_SYNTHETIC,2025-08-31,2025-09-27T18:57:54,passed
SALE-PROP-000126-1,PROP-000126,2016-02-29,14448620.0,118431.0,148.0,0.047,HORIZON CAPITAL,NORTHSTAR REALTY,BK4095/PG841,CUSHMAN CAPITAL MARKETS,False,,,GOTHAM_SYNTHETIC,2025-08-31,2025-09-27T18:57:54,passed
SALE-PROP-000126-2,PROP-000126,2015-11-30,14663797.0,120195.0,150.21,0.0667,RIDGE CAPITAL,CROWN REALTY,BK7889/PG213,CUSHMAN CAPITAL MARKETS,True,,,GOTHAM_SYNTHETIC,2025-08-31,2025-09-27T18:57:54,passed
SALE-PROP-000129-1,PROP-000129,2018-03-31,18083082.0,212742.0,273.45,0.0564,HORIZON CAPITAL,URBAN REALTY,BK3967/PG135,CUSHMAN CAPITAL MARKETS,False,GOTHAM CORE MF,,GOTHAM_SYNTHETIC,2025-08-31,2025-09-27T18:57:54,passed
SALE-PROP-000129-2,PROP-000129,2024-07-31,21106645.0,248313.0,319.17,0.0529,RIDGE CAPITAL,NORTHSTAR REALTY,BK9986/PG558,CUSHMAN CAPITAL MARKETS,True,GOTHAM CORE MF,,GOTHAM_SYNTHETIC,2025-08-31,2025-09-27T18:57:54,passed
SALE-PROP-000132-1,PROP-000132,2024-07-31,13301671.0,130409.0,165.14,0.0531,RIDGE CAPITAL,CROWN REALTY,BK5541/PG301,BERKADIA CAPITAL MARKETS,False,RIVER DISTRICT,,GOTHAM_SYNTHETIC,2025-08-31,2025-09-27T18:57:54,passed
SALE-PROP-000135-1,PROP-000135,2021-06-30,30399478.0,264343.0,292.64,0.054,HORIZON CAPITAL,CROWN REALTY,BK6189/PG790,JLL CAPITAL MARKETS,True,,,GOTHAM_SYNTHETIC,2025-08-31,2025-09-27T18:57:54,passed
SALE-PROP-000135-2,PROP-000135,2020-12-31,28979698.0,251997.0,278.97,0.0602,ATLANTIC CAPITAL,NORTHSTAR REALTY,BK3627/PG103,NEWMARK CAPITAL MARKETS,False,SUBURBAN VALUE-ADD,,GOTHAM_SYNTHETIC,2025-08-31,2025-09-27T18:57:54,passed
SALE-PROP-000137-1,PROP-000137,2018-05-31,16624773.0,291663.0,368.73,0.0533,SUMMIT CAPITAL,SAPPHIRE REALTY,BK3713/PG923,JLL CAPITAL MARKETS,False,SUBURBAN VALUE-ADD,,GOTHAM_SYNTHETIC,2025-08-31,2025-09-27T18:57:54,passed
SALE-PROP-000138-1,PROP-000138,2014-04-30,11422455.0,175730.0,201.2,0.0665,PACIFIC CAPITAL,CROWN REALTY,BK7335/PG466,JLL CAPITAL MARKETS,False,GOTHAM CORE MF,,GOTHAM_SYNTHETIC,2025-08-31,2025-09-27T18:57:54,passed
SALE-PROP-000141-1,PROP-000141,2015-02-28,20689846.0,183096.0,220.12,0.0527,HORIZON CAPITAL,CROWN REALTY,BK5451/PG220,BERKADIA CAPITAL MARKETS,False,SUBURBAN VALUE-ADD,,GOTHAM_SYNTHETIC,2025-08-31,2025-09-27T18:57:54,passed
SALE-PROP-000141-2,PROP-000141,2019-08-31,18385802.0,162706.0,195.61,0.0554,PACIFIC CAPITAL,CROWN REALTY,BK7355/PG868,BERKADIA CAPITAL MARKETS,False,SUBURBAN VALUE-ADD,,GOTHAM_SYNTHETIC,2025-08-31,2025-09-27T18:57:54,passed
SALE-PROP-000142-1,PROP-000142,2014-09-30,29738428.0,283223.0,334.43,0.0547,PACIFIC CAPITAL,URBAN REALTY,BK7619/PG222,JLL CAPITAL MARKETS,False,,,GOTHAM_SYNTHETIC,2025-08-31,2025-09-27T18:57:54,passed
SALE-PROP-000143-1,PROP-000143,2021-02-28,23489175.0,213538.0,242.79,0.0557,ATLANTIC CAPITAL,SAPPHIRE REALTY,BK1397/PG712,NEWMARK CAPITAL MARKETS,False,GOTHAM CORE MF,,GOTHAM_SYNTHETIC,2025-08-31,2025-09-27T18:57:54,passed
SALE-PROP-000143-2,PROP-000143,2016-09-30,20552772.0,186843.0,212.44,0.0615,HORIZON CAPITAL,SAPPHIRE REALTY,BK6655/PG378,BERKADIA CAPITAL MARKETS,True,,,GOTHAM_SYNTHETIC,2025-08-31,2025-09-27T18:57:54,passed
SALE-PROP-000146-1,PROP-000146,2019-05-31,3736766.0,113235.0,135.81,0.0558,RIDGE CAPITAL,LEGACY REALTY,BK5257/PG500,JLL CAPITAL MARKETS,True,RIVER DISTRICT,,GOTHAM_SYNTHETIC,2025-08-31,2025-09-27T18:57:54,passed
SALE-PROP-000146-2,PROP-000146,2024-02-29,4657563.0,141138.0,169.27,0.0557,RIDGE CAPITAL,NORTHSTAR REALTY,BK4745/PG102,JLL CAPITAL MARKETS,True,GOTHAM CORE MF,,GOTHAM_SYNTHETIC,2025-08-31,2025-09-27T18:57:54,passed
SALE-PROP-000147-1,PROP-000147,2017-06-30,40270116.0,236883.0,245.22,0.0458,RIDGE CAPITAL,URBAN REALTY,BK8141/PG295,JLL CAPITAL MARKETS,False,SUBURBAN VALUE-ADD,,GOTHAM_SYNTHETIC,2025-08-31,2025-09-27T18:57:54,passed
SALE-PROP-000147-2,PROP-000147,2021-12-31,44286914.0,260511.0,269.68,0.0575,HORIZON CAPITAL,URBAN REALTY,BK2511/PG645,CBRE CAPITAL MARKETS,False,RIVER DISTRICT,,GOTHAM_SYNTHETIC,2025-08-31,2025-09-27T18:57:54,passed
SALE-PROP-000148-1,PROP-000148,2018-06-30,4661816.0,155394.0,182.69,0.0699,SUMMIT CAPITAL,NORTHSTAR REALTY,BK4201/PG627,CBRE CAPITAL MARKETS,True,GOTHAM CORE MF,,GOTHAM_SYNTHETIC,2025-08-31,2025-09-27T18:57:54,passed
SALE-PROP-000148-2,PROP-000148,2020-06-30,4309129.0,143638.0,168.87,0.0613,ATLANTIC CAPITAL,NORTHSTAR REALTY,BK8578/PG576,CUSHMAN CAPITAL MARKETS,False,RIVER DISTRICT,,GOTHAM_SYNTHETIC,2025-08-31,2025-09-27T18:57:54,passed
SALE-PROP-000150-1,PROP-000150,2019-06-30,5579391.0,185980.0,239.6,0.0477,RIDGE CAPITAL,CROWN REALTY,BK1339/PG522,NEWMARK CAPITAL MARKETS,False,,,GOTHAM_SYNTHETIC,2025-08-31,2025-09-27T18:57:54,passed
SALE-PROP-000151-1,PROP-000151,2017-06-30,22641542.0,279525.0,356.72,0.0627,SUMMIT CAPITAL,URBAN REALTY,BK7016/PG597,CUSHMAN CAPITAL MARKETS,False,,,GOTHAM_SYNTHETIC,2025-08-31,2025-09-27T18:57:54,passed
SALE-PROP-000152-1,PROP-000152,2013-05-31,6052274.0,201742.0,240.69,0.0537,SUMMIT CAPITAL,CROWN REALTY,BK1692/PG78,BERKADIA CAPITAL MARKETS,True,SUBURBAN VALUE-ADD,,GOTHAM_SYNTHETIC,2025-08-31,2025-09-27T18:57:54,passed
SALE-PROP-000156-1,PROP-000156,2016-01-31,3867735.0,43458.0,58.14,0.0582,ATLANTIC CAPITAL,LEGACY REALTY,BK7638/PG779,CUSHMAN CAPITAL MARKETS,False,,,GOTHAM_SYNTHETIC,2025-08-31,2025-09-27T18:57:54,passed
SALE-PROP-000156-2,PROP-000156,2021-12-31,4124920.0,46347.0,62.0,0.0572,PACIFIC CAPITAL,URBAN REALTY,BK1596/PG221,CBRE CAPITAL MARKETS,False,SUBURBAN VALUE-ADD,,GOTHAM_SYNTHETIC,2025-08-31,2025-09-27T18:57:54,passed
SALE-PROP-000158-1,PROP-000158,2018-02-28,25296071.0,290759.0,312.81,0.0615,RIDGE CAPITAL,LEGACY REALTY,BK1391/PG332,BERKADIA CAPITAL MARKETS,True,GOTHAM CORE MF,,GOTHAM_SYNTHETIC,2025-08-31,2025-09-27T18:57:54,passed
SALE-PROP-000158-2,PROP-000158,2021-02-28,27196669.0,312605.0,336.32,0.0555,SUMMIT CAPITAL,SAPPHIRE REALTY,BK3291/PG674,CUSHMAN CAPITAL MARKETS,False,RIVER DISTRICT,,GOTHAM_SYNTHETIC,2025-08-31,2025-09-27T18:57:54,passed
SALE-PROP-000159-1,PROP-000159,2017-04-30,38189907.0,191909.0,229.17,0.0612,PACIFIC CAPITAL,SAPPHIRE REALTY,BK8640/PG739,BERKADIA CAPITAL MARKETS,False,RIVER DISTRICT,,GOTHAM_SYNTHETIC,2025-08-31,2025-09-27T18:57:54,passed
SALE-PROP-000162-1,PROP-000162,2014-07-31,12578828.0,202884.0,247.97,0.0601,RIDGE CAPITAL,LEGACY REALTY,BK1870/PG368,BERKADIA CAPITAL MARKETS,False,,,GOTHAM_SYNTHETIC,2025-08-31,2025-09-27T18:57:54,passed
SALE-PROP-000163-1,PROP-000163,2018-12-31,28977879.0,336952.0,411.72,0.0482,ATLANTIC CAPITAL,SAPPHIRE REALTY,BK1663/PG966,BERKADIA CAPITAL MARKETS,True,SUBURBAN VALUE-ADD,,GOTHAM_SYNTHETIC,2025-08-31,2025-09-27T18:57:54,passed
SALE-PROP-000163-2,PROP-000163,2021-04-30,23841903.0,277231.0,338.75,0.051,ATLANTIC CAPITAL,URBAN REALTY,BK1181/PG113,JLL CAPITAL MARKETS,False,SUBURBAN VALUE-ADD,,GOTHAM_SYNTHETIC,2025-08-31,2025-09-27T18:57:54,passed
SALE-PROP-000164-1,PROP-000164,2013-12-31,42179018.0,266956.0,355.7,0.0552,RIDGE CAPITAL,NORTHSTAR REALTY,BK8345/PG423,CUSHMAN CAPITAL MARKETS,False,,,GOTHAM_SYNTHETIC,2025-08-31,2025-09-27T18:57:54,passed
SALE-PROP-000165-1,PROP-000165,2020-03-31,37127573.0,297021.0,346.42,0.045,HORIZON CAPITAL,CROWN REALTY,BK3020/PG914,BERKADIA CAPITAL MARKETS,False,,,GOTHAM_SYNTHETIC,2025-08-31,2025-09-27T18:57:54,passed
SALE-PROP-000165-2,PROP-000165,2016-08-31,47461480.0,379692.0,442.84,0.0452,ATLANTIC CAPITAL,CROWN REALTY,BK9289/PG78,JLL CAPITAL MARKETS,False,,,GOTHAM_SYNTHETIC,2025-08-31,2025-09-27T18:57:54,passed
SALE-PROP-000166-1,PROP-000166,2012-09-30,17864338.0,192090.0,245.23,0.054,RIDGE CAPITAL,URBAN REALTY,BK3329/PG790,JLL CAPITAL MARKETS,True,,,GOTHAM_SYNTHETIC,2025-08-31,2025-09-27T18:57:54,passed
SALE-PROP-000166-2,PROP-000166,2020-02-29,17255324.0,185541.0,236.87,0.0488,SUMMIT CAPITAL,NORTHSTAR REALTY,BK1721/PG320,CBRE CAPITAL MARKETS,False,RIVER DISTRICT,,GOTHAM_SYNTHETIC,2025-08-31,2025-09-27T18:57:54,passed
SALE-PROP-000168-1,PROP-000168,2017-12-31,62751298.0,276437.0,322.0,0.045,ATLANTIC CAPITAL,LEGACY REALTY,BK4450/PG10,CBRE CAPITAL MARKETS,True,GOTHAM CORE MF,,GOTHAM_SYNTHETIC,2025-08-31,2025-09-27T18:57:54,passed
SALE-PROP-000169-1,PROP-000169,2023-05-31,26685308.0,365552.0,465.2,0.059,PACIFIC CAPITAL,URBAN REALTY,BK9085/PG126,CBRE CAPITAL MARKETS,False,SUBURBAN VALUE-ADD,,GOTHAM_SYNTHETIC,2025-08-31,2025-09-27T18:57:54,passed
SALE-PROP-000169-2,PROP-000169,2014-09-30,23296402.0,319129.0,406.12,0.06,RIDGE CAPITAL,SAPPHIRE REALTY,BK5228/PG600,NEWMARK CAPITAL MARKETS,False,SUBURBAN VALUE-ADD,,GOTHAM_SYNTHETIC,2025-08-31,2025-09-27T18:57:54,passed
SALE-PROP-000171-1,PROP-000171,2013-10-31,32544285.0,361603.0,402.81,0.0638,ATLANTIC CAPITAL,CROWN REALTY,BK5570/PG835,NEWMARK CAPITAL MARKETS,False,RIVER DISTRICT,,GOTHAM_SYNTHETIC,2025-08-31,2025-09-27T18:57:54,passed
SALE-PROP-000172-1,PROP-000172,2018-01-31,2548291.0,79634.0,99.52,0.0608,RIDGE CAPITAL,LEGACY REALTY,BK9336/PG317,BERKADIA CAPITAL MARKETS,False,,,GOTHAM_SYNTHETIC,2025-08-31,2025-09-27T18:57:54,passed
SALE-PROP-000173-1,PROP-000173,2020-07-31,9665448.0,322182.0,356.2,0.0515,SUMMIT CAPITAL,CROWN REALTY,BK4663/PG874,JLL CAPITAL MARKETS,False,RIVER DISTRICT,,GOTHAM_SYNTHETIC,2025-08-31,2025-09-27T18:57:54,passed
SALE-PROP-000173-2,PROP-000173,2017-06-30,10398893.0,346630.0,383.23,0.0526,HORIZON CAPITAL,CROWN REALTY,BK9287/PG381,BERKADIA CAPITAL MARKETS,False,,,GOTHAM_SYNTHETIC,2025-08-31,2025-09-27T18:57:54,passed
SALE-PROP-000175-1,PROP-000175,2021-11-30,32762370.0,284890.0,332.97,0.0551,PACIFIC CAPITAL,NORTHSTAR REALTY,BK6143/PG958,CBRE CAPITAL MARKETS,False,,,GOTHAM_SYNTHETIC,2025-08-31,2025-09-27T18:57:54,passed
SALE-PROP-000176-1,PROP-000176,2024-03-31,56898782.0,209187.0,268.64,0.0531,RIDGE CAPITAL,NORTHSTAR REALTY,BK6046/PG251,BERKADIA CAPITAL MARKETS,False,,,GOTHAM_SYNTHETIC,2025-08-31,2025-09-27T18:57:54,passed
SALE-PROP-000176-2,PROP-000176,2017-11-30,55203612.0,202954.0,260.63,0.0512,SUMMIT CAPITAL,SAPPHIRE REALTY,BK8046/PG879,JLL CAPITAL MARKETS,False,RIVER DISTRICT,,GOTHAM_SYNTHETIC,2025-08-31,2025-09-27T18:57:54,passed
SALE-PROP-000177-1,PROP-000177,2015-02-28,1848788.0,61626.0,77.23,0.0584,HORIZON CAPITAL,NORTHSTAR REALTY,BK2345/PG94,CBRE CAPITAL MARKETS,True,,,GOTHAM_SYNTHETIC,2025-08-31,2025-09-27T18:57:54,passed
SALE-PROP-000177-2,PROP-000177,2017-07-31,2209682.0,73656.0,92.3,0.0626,SUMMIT CAPITAL,NORTHSTAR REALTY,BK1034/PG492,JLL CAPITAL MARKETS,True,SUBURBAN VALUE-ADD,,GOTHAM_SYNTHETIC,2025-08-31,2025-09-27T18:57:54,passed
SALE-PROP-000179-1,PROP-000179,2013-11-30,23141545.0,147398.0,162.91,0.0575,HORIZON CAPITAL,NORTHSTAR REALTY,BK3706/PG924,CUSHMAN CAPITAL MARKETS,False,GOTHAM CORE MF,,GOTHAM_SYNTHETIC,2025-08-31,2025-09-27T18:57:54,passed
SALE-PROP-000179-2,PROP-000179,2015-07-31,25609190.0,163116.0,180.28,0.053,HORIZON CAPITAL,CROWN REALTY,BK1003/PG851,JLL CAPITAL MARKETS,False,,,GOTHAM_SYNTHETIC,2025-08-31,2025-09-27T18:57:54,passed
SALE-PROP-000182-1,PROP-000182,2014-12-31,976490.0,21700.0,24.79,0.0571,HORIZON CAPITAL,CROWN REALTY,BK5660/PG151,CBRE CAPITAL MARKETS,False,SUBURBAN VALUE-ADD,,GOTHAM_SYNTHETIC,2025-08-31,2025-09-27T18:57:54,passed
SALE-PROP-000182-2,PROP-000182,2021-10-31,910866.0,20241.0,23.12,0.0609,ATLANTIC CAPITAL,NORTHSTAR REALTY,BK9133/PG631,JLL CAPITAL MARKETS,False,GOTHAM CORE MF,,GOTHAM_SYNTHETIC,2025-08-31,2025-09-27T18:57:54,passed
SALE-PROP-000183-1,PROP-000183,2014-06-30,23775328.0,300954.0,343.12,0.0508,PACIFIC CAPITAL,SAPPHIRE REALTY,BK6877/PG984,NEWMARK CAPITAL MARKETS,False,,,GOTHAM_SYNTHETIC,2025-08-31,2025-09-27T18:57:54,passed
SALE-PROP-000183-2,PROP-000183,2018-05-31,24277941.0,307316.0,350.38,0.0618,RIDGE CAPITAL,LEGACY REALTY,BK4449/PG256,BERKADIA CAPITAL MARKETS,True,RIVER DISTRICT,,GOTHAM_SYNTHETIC,2025-08-31,2025-09-27T18:57:54,passed
SALE-PROP-000184-1,PROP-000184,2015-07-31,42597817.0,178234.0,195.09,0.065,SUMMIT CAPITAL,NORTHSTAR REALTY,BK8355/PG139,JLL CAPITAL MARKETS,False,SUBURBAN VALUE-ADD,,GOTHAM_SYNTHETIC,2025-08-31,2025-09-27T18:57:54,passed
SALE-PROP-000190-1,PROP-000190,2013-05-31,32821190.0,170944.0,199.68,0.054,PACIFIC CAPITAL,NORTHSTAR REALTY,BK6967/PG170,BERKADIA CAPITAL MARKETS,True,GOTHAM CORE MF,,GOTHAM_SYNTHETIC,2025-08-31,2025-09-27T18:57:54,passed
SALE-PROP-000190-2,PROP-000190,2024-08-31,38952198.0,202876.0,236.98,0.045,RIDGE CAPITAL,SAPPHIRE REALTY,BK4056/PG842,BERKADIA CAPITAL MARKETS,False,,,GOTHAM_SYNTHETIC,2025-08-31,2025-09-27T18:57:54,passed
SALE-PROP-000201-1,PROP-000201,2020-02-29,10708678.0,79324.0,99.65,0.0656,HORIZON CAPITAL,SAPPHIRE REALTY,BK6481/PG161,CBRE CAPITAL MARKETS,False,RIVER DISTRICT,,GOTHAM_SYNTHETIC,2025-08-31,2025-09-27T18:57:54,passed
SALE-PROP-000204-1,PROP-000204,2013-06-30,35475291.0,168129.0,193.19,0.0522,PACIFIC CAPITAL,NORTHSTAR REALTY,BK1151/PG656,CUSHMAN CAPITAL MARKETS,False,SUBURBAN VALUE-ADD,,GOTHAM_SYNTHETIC,2025-08-31,2025-09-27T18:57:54,passed
SALE-PROP-000205-1,PROP-000205,2016-12-31,35348934.0,267795.0,314.39,0.0545,SUMMIT CAPITAL,URBAN REALTY,BK3421/PG350,NEWMARK CAPITAL MARKETS,False,,,GOTHAM_SYNTHETIC,2025-08-31,2025-09-27T18:57:54,passed
SALE-PROP-000218-1,PROP-000218,2024-02-29,19461707.0,109953.0,133.26,0.0635,ATLANTIC CAPITAL,NORTHSTAR REALTY,BK8774/PG859,BERKADIA CAPITAL MARKETS,False,RIVER DISTRICT,,GOTHAM_SYNTHETIC,2025-08-31,2025-09-27T18:57:54,passed
SALE-PROP-000218-2,PROP-000218,2018-11-30,16715287.0,94437.0,114.45,0.0579,SUMMIT CAPITAL,SAPPHIRE REALTY,BK5336/PG317,CBRE CAPITAL MARKETS,False,SUBURBAN VALUE-ADD,,GOTHAM_SYNTHETIC,2025-08-31,2025-09-27T18:57:54,passed
SALE-PROP-000219-1,PROP-000219,2016-05-31,32057709.0,333934.0,425.94,0.045,HORIZON CAPITAL,URBAN REALTY,BK8360/PG254,BERKADIA CAPITAL MARKETS,True,GOTHAM CORE MF,,GOTHAM_SYNTHETIC,2025-08-31,2025-09-27T18:57:54,passed
SALE-PROP-000222-1,PROP-000222,2023-12-31,23030718.0,225791.0,290.89,0.0521,RIDGE CAPITAL,CROWN REALTY,BK1838/PG518,NEWMARK CAPITAL MARKETS,False,SUBURBAN VALUE-ADD,,GOTHAM_SYNTHETIC,2025-08-31,2025-09-27T18:57:54,passed
SALE-PROP-000222-2,PROP-000222,2023-05-31,24061740.0,235899.0,303.92,0.0575,PACIFIC CAPITAL,CROWN REALTY,BK6383/PG191,NEWMARK CAPITAL MARKETS,False,GOTHAM CORE MF,,GOTHAM_SYNTHETIC,2025-08-31,2025-09-27T18:57:54,passed
SALE-PROP-000224-1,PROP-000224,2017-08-31,7902050.0,263402.0,315.15,0.0623,HORIZON CAPITAL,URBAN REALTY,BK5230/PG183,CUSHMAN CAPITAL MARKETS,False,,,GOTHAM_SYNTHETIC,2025-08-31,2025-09-27T18:57:54,passed
SALE-PROP-000225-1,PROP-000225,2020-09-30,60986930.0,236383.0,266.29,0.05,SUMMIT CAPITAL,LEGACY REALTY,BK2599/PG793,CUSHMAN CAPITAL MARKETS,False,GOTHAM CORE MF,,GOTHAM_SYNTHETIC,2025-08-31,2025-09-27T18:57:54,passed
SALE-PROP-000225-2,PROP-000225,2023-06-30,67062374.0,259932.0,292.81,0.052,HORIZON CAPITAL,NORTHSTAR REALTY,BK4924/PG77,CUSHMAN CAPITAL MARKETS,False,GOTHAM CORE MF,,GOTHAM_SYNTHETIC,2025-08-31,2025-09-27T18:57:54,passed
SALE-PROP-000227-1,PROP-000227,2016-07-31,12043246.0,96346.0,115.7,0.068,PACIFIC CAPITAL,CROWN REALTY,BK5559/PG814,CBRE CAPITAL MARKETS,False,GOTHAM CORE MF,,GOTHAM_SYNTHETIC,2025-08-31,2025-09-27T18:57:54,passed
SALE-PROP-000227-2,PROP-000227,2019-06-30,10976657.0,87813.0,105.46,0.0707,PACIFIC CAPITAL,URBAN REALTY,BK9934/PG977,CUSHMAN CAPITAL MARKETS,False,GOTHAM CORE MF,,GOTHAM_SYNTHETIC,2025-08-31,2025-09-27T18:57:54,passed
SALE-PROP-000229-1,PROP-000229,2021-12-31,24671740.0,262465.0,345.26,0.0565,ATLANTIC CAPITAL,URBAN REALTY,BK8842/PG956,CUSHMAN CAPITAL MARKETS,True,,,GOTHAM_SYNTHETIC,2025-08-31,2025-09-27T18:57:54,passed
SALE-PROP-000229-2,PROP-000229,2018-07-31,29695395.0,315908.0,415.56,0.0498,ATLANTIC CAPITAL,SAPPHIRE REALTY,BK4479/PG181,JLL CAPITAL MARKETS,False,,,GOTHAM_SYNTHETIC,2025-08-31,2025-09-27T18:57:54,passed
SALE-PROP-000232-1,PROP-000232,2014-01-31,26239955.0,308705.0,425.1,0.0569,ATLANTIC CAPITAL,SAPPHIRE REALTY,BK7345/PG339,CUSHMAN CAPITAL MARKETS,True,GOTHAM CORE MF,,GOTHAM_SYNTHETIC,2025-08-31,2025-09-27T18:57:54,passed
SALE-PROP-000233-1,PROP-000233,2023-11-30,9986448.0,332882.0,425.19,0.0469,RIDGE CAPITAL,NORTHSTAR REALTY,BK7103/PG674,CUSHMAN CAPITAL MARKETS,False,GOTHAM CORE MF,,GOTHAM_SYNTHETIC,2025-08-31,2025-09-27T18:57:54,passed
SALE-PROP-000236-1,PROP-000236,2014-12-31,19509971.0,286911.0,331.23,0.0479,ATLANTIC CAPITAL,NORTHSTAR REALTY,BK3224/PG494,BERKADIA CAPITAL MARKETS,False,SUBURBAN VALUE-ADD,,GOTHAM_SYNTHETIC,2025-08-31,2025-09-27T18:57:54,passed
SALE-PROP-000237-1,PROP-000237,2014-03-31,13800554.0,181586.0,194.08,0.0473,SUMMIT CAPITAL,LEGACY REALTY,BK9799/PG851,BERKADIA CAPITAL MARKETS,False,GOTHAM CORE MF,,GOTHAM_SYNTHETIC,2025-08-31,2025-09-27T18:57:54,passed
SALE-PROP-000238-1,PROP-000238,2014-06-30,26610005.0,169490.0,188.68,0.0706,RIDGE CAPITAL,SAPPHIRE REALTY,BK3507/PG297,CUSHMAN CAPITAL MARKETS,False,GOTHAM CORE MF,,GOTHAM_SYNTHETIC,2025-08-31,2025-09-27T18:57:54,passed
SALE-PROP-000238-2,PROP-000238,2016-03-31,24414779.0,155508.0,173.11,0.064,HORIZON CAPITAL,SAPPHIRE REALTY,BK6052/PG766,CUSHMAN CAPITAL MARKETS,False,GOTHAM CORE MF,,GOTHAM_SYNTHETIC,2025-08-31,2025-09-27T18:57:54,passed
SALE-PROP-000240-1,PROP-000240,2021-12-31,79229937.0,356892.0,439.14,0.0529,ATLANTIC CAPITAL,CROWN REALTY,BK2640/PG381,CBRE CAPITAL MARKETS,True,SUBURBAN VALUE-ADD,,GOTHAM_SYNTHETIC,2025-08-31,2025-09-27T18:57:54,passed
SALE-PROP-000242-1,PROP-000242,2021-11-30,3520672.0,44565.0,52.22,0.0595,SUMMIT CAPITAL,CROWN REALTY,BK2291/PG247,CBRE CAPITAL MARKETS,False,GOTHAM CORE MF,,GOTHAM_SYNTHETIC,2025-08-31,2025-09-27T18:57:54,passed
SALE-PROP-000247-1,PROP-000247,2023-02-28,23321485.0,156520.0,183.71,0.0613,HORIZON CAPITAL,LEGACY REALTY,BK7884/PG105,CUSHMAN CAPITAL MARKETS,False,GOTHAM CORE MF,,GOTHAM_SYNTHETIC,2025-08-31,2025-09-27T18:57:54,passed
SALE-PROP-000247-2,PROP-000247,2022-07-31,22193000.0,148946.0,174.82,0.0515,HORIZON CAPITAL,CROWN REALTY,BK1065/PG119,BERKADIA CAPITAL MARKETS,True,SUBURBAN VALUE-ADD,,GOTHAM_SYNTHETIC,2025-08-31,2025-09-27T18:57:54,passed
SALE-PROP-000249-1,PROP-000249,2014-12-31,10007089.0,56220.0,69.38,0.069,SUMMIT CAPITAL,NORTHSTAR REALTY,BK6473/PG182,JLL CAPITAL MARKETS,False,GOTHAM CORE MF,,GOTHAM_SYNTHETIC,2025-08-31,2025-09-27T18:57:54,passed
SALE-PROP-000251-1,PROP-000251,2012-09-30,8259711.0,275324.0,343.6,0.045,SUMMIT CAPITAL,URBAN REALTY,BK9350/PG254,BERKADIA CAPITAL MARKETS,True,SUBURBAN VALUE-ADD,,GOTHAM_SYNTHETIC,2025-08-31,2025-09-27T18:57:54,passed
SALE-PROP-000256-1,PROP-000256,2020-11-30,8275176.0,71338.0,85.97,0.0605,PACIFIC CAPITAL,URBAN REALTY,BK9647/PG309,CUSHMAN CAPITAL MARKETS,True,,,GOTHAM_SYNTHETIC,2025-08-31,2025-09-27T18:57:54,passed
SALE-PROP-000256-2,PROP-000256,2015-04-30,9891625.0,85273.0,102.76,0.0632,RIDGE CAPITAL,URBAN REALTY,BK3042/PG733,BERKADIA CAPITAL MARKETS,False,,,GOTHAM_SYNTHETIC,2025-08-31,2025-09-27T18:57:54,passed
SALE-PROP-000257-1,PROP-000257,2017-11-30,47403428.0,298135.0,358.12,0.0582,SUMMIT CAPITAL,LEGACY REALTY,BK3100/PG600,JLL CAPITAL MARKETS,False,GOTHAM CORE MF,,GOTHAM_SYNTHETIC,2025-08-31,2025-09-27T18:57:54,passed
SALE-PROP-000259-1,PROP-000259,2021-05-31,2901088.0,96703.0,112.56,0.0518,HORIZON CAPITAL,NORTHSTAR REALTY,BK7467/PG146,JLL CAPITAL MARKETS,False,GOTHAM CORE MF,,GOTHAM_SYNTHETIC,2025-08-31,2025-09-27T18:57:54,passed
SALE-PROP-000264-1,PROP-000264,2019-05-31,54302556.0,278475.0,330.53,0.0458,PACIFIC CAPITAL,URBAN REALTY,BK3408/PG751,CBRE CAPITAL MARKETS,False,SUBURBAN VALUE-ADD,,GOTHAM_SYNTHETIC,2025-08-31,2025-09-27T18:57:54,passed
SALE-PROP-000266-1,PROP-000266,2016-10-31,11319600.0,269514.0,340.3,0.0663,SUMMIT CAPITAL,URBAN REALTY,BK4387/PG408,CUSHMAN CAPITAL MARKETS,True,RIVER DISTRICT,,GOTHAM_SYNTHETIC,2025-08-31,2025-09-27T18:57:54,passed
SALE-PROP-000266-2,PROP-000266,2017-01-31,14135063.0,336549.0,424.94,0.0491,RIDGE CAPITAL,SAPPHIRE REALTY,BK1801/PG268,CBRE CAPITAL MARKETS,False,RIVER DISTRICT,,GOTHAM_SYNTHETIC,2025-08-31,2025-09-27T18:57:54,passed
SALE-PROP-000267-1,PROP-000267,2013-01-31,24358682.0,286573.0,347.15,0.0591,ATLANTIC CAPITAL,LEGACY REALTY,BK4339/PG433,CBRE CAPITAL MARKETS,False,RIVER DISTRICT,,GOTHAM_SYNTHETIC,2025-08-31,2025-09-27T18:57:54,passed
SALE-PROP-000268-1,PROP-000268,2018-08-31,5286592.0,176220.0,211.19,0.0531,PACIFIC CAPITAL,CROWN REALTY,BK2069/PG610,BERKADIA CAPITAL MARKETS,False,RIVER DISTRICT,,GOTHAM_SYNTHETIC,2025-08-31,2025-09-27T18:57:54,passed
SALE-PROP-000271-1,PROP-000271,2018-04-30,11240373.0,374679.0,442.05,0.0535,SUMMIT CAPITAL,SAPPHIRE REALTY,BK4613/PG458,JLL CAPITAL MARKETS,True,RIVER DISTRICT,,GOTHAM_SYNTHETIC,2025-08-31,2025-09-27T18:57:54,passed
SALE-PROP-000271-2,PROP-000271,2014-01-31,9482513.0,316084.0,372.92,0.0578,PACIFIC CAPITAL,URBAN REALTY,BK9350/PG667,JLL CAPITAL MARKETS,True,SUBURBAN VALUE-ADD,,GOTHAM_SYNTHETIC,2025-08-31,2025-09-27T18:57:54,passed
SALE-PROP-000274-1,PROP-000274,2013-02-28,60051744.0,211450.0,241.33,0.045,HORIZON CAPITAL,NORTHSTAR REALTY,BK2755/PG257,CUSHMAN CAPITAL MARKETS,False,RIVER DISTRICT,,GOTHAM_SYNTHETIC,2025-08-31,2025-09-27T18:57:54,passed
SALE-PROP-000274-2,PROP-000274,2013-12-31,50721886.0,178598.0,203.83,0.0599,ATLANTIC CAPITAL,CROWN REALTY,BK9682/PG953,JLL CAPITAL MARKETS,False,GOTHAM CORE MF,,GOTHAM_SYNTHETIC,2025-08-31,2025-09-27T18:57:54,passed
SALE-PROP-000275-1,PROP-000275,2018-09-30,9141474.0,304716.0,341.76,0.0552,ATLANTIC CAPITAL,SAPPHIRE REALTY,BK6591/PG11,BERKADIA CAPITAL MARKETS,True,GOTHAM CORE MF,,GOTHAM_SYNTHETIC,2025-08-31,2025-09-27T18:57:54,passed
SALE-PROP-000280-1,PROP-000280,2014-02-28,90430239.0,393175.0,502.85,0.0508,ATLANTIC CAPITAL,CROWN REALTY,BK6847/PG108,BERKADIA CAPITAL MARKETS,False,RIVER DISTRICT,,GOTHAM_SYNTHETIC,2025-08-31,2025-09-27T18:57:54,passed
SALE-PROP-000282-1,PROP-000282,2019-01-31,29741740.0,121892.0,144.95,0.0683,SUMMIT CAPITAL,CROWN REALTY,BK6462/PG514,JLL CAPITAL MARKETS,False,GOTHAM CORE MF,,GOTHAM_SYNTHETIC,2025-08-31,2025-09-27T18:57:54,passed
SALE-PROP-000282-2,PROP-000282,2013-07-31,32606394.0,133633.0,158.92,0.0523,HORIZON CAPITAL,CROWN REALTY,BK3244/PG246,BERKADIA CAPITAL MARKETS,False,RIVER DISTRICT,,GOTHAM_SYNTHETIC,2025-08-31,2025-09-27T18:57:54,passed
SALE-PROP-000286-1,PROP-000286,2013-06-30,16105224.0,185118.0,209.88,0.0579,SUMMIT CAPITAL,URBAN REALTY,BK4579/PG389,CBRE CAPITAL MARKETS,True,GOTHAM CORE MF,,GOTHAM_SYNTHETIC,2025-08-31,2025-09-27T18:57:54,passed
SALE-PROP-000286-2,PROP-000286,2015-02-28,14398304.0,165498.0,187.64,0.0541,HORIZON CAPITAL,LEGACY REALTY,BK8370/PG924,JLL CAPITAL MARKETS,True,RIVER DISTRICT,,GOTHAM_SYNTHETIC,2025-08-31,2025-09-27T18:57:54,passed
SALE-PROP-000288-1,PROP-000288,2014-12-31,5239753.0,174658.0,188.98,0.0585,SUMMIT CAPITAL,NORTHSTAR REALTY,BK8798/PG715,CUSHMAN CAPITAL MARKETS,False,GOTHAM CORE MF,,GOTHAM_SYNTHETIC,2025-08-31,2025-09-27T18:57:54,passed
SALE-PROP-000288-2,PROP-000288,2017-05-31,5122180.0,170739.0,184.74,0.0519,PACIFIC CAPITAL,LEGACY REALTY,BK2639/PG100,NEWMARK CAPITAL MARKETS,False,SUBURBAN VALUE-ADD,,GOTHAM_SYNTHETIC,2025-08-31,2025-09-27T18:57:54,passed
SALE-PROP-000289-1,PROP-000289,2019-01-31,27075308.0,181713.0,198.79,0.0577,ATLANTIC CAPITAL,URBAN REALTY,BK1440/PG766,CBRE CAPITAL MARKETS,False,GOTHAM CORE MF,,GOTHAM_SYNTHETIC,2025-08-31,2025-09-27T18:57:54,passed
SALE-PROP-000289-2,PROP-000289,2014-04-30,26950303.0,180875.0,197.87,0.0588,SUMMIT CAPITAL,URBAN REALTY,BK3571/PG249,CBRE CAPITAL MARKETS,False,RIVER DISTRICT,,GOTHAM_SYNTHETIC,2025-08-31,2025-09-27T18:57:54,passed
SALE-PROP-000291-1,PROP-000291,2017-08-31,32066732.0,126746.0,150.0,0.0559,PACIFIC CAPITAL,URBAN REALTY,BK3203/PG42,CBRE CAPITAL MARKETS,False,RIVER DISTRICT,,GOTHAM_SYNTHETIC,2025-08-31,2025-09-27T18:57:54,passed
SALE-PROP-000291-2,PROP-000291,2018-10-31,35350232.0,139724.0,165.35,0.0748,RIDGE CAPITAL,SAPPHIRE REALTY,BK3521/PG714,CBRE CAPITAL MARKETS,False,RIVER DISTRICT,,GOTHAM_SYNTHETIC,2025-08-31,2025-09-27T18:57:54,passed
SALE-PROP-000293-1,PROP-000293,2023-12-31,7344638.0,45059.0,55.44,0.052,SUMMIT CAPITAL,SAPPHIRE REALTY,BK2778/PG96,JLL CAPITAL MARKETS,False,RIVER DISTRICT,,GOTHAM_SYNTHETIC,2025-08-31,2025-09-27T18:57:54,passed
SALE-PROP-000293-2,PROP-000293,2018-07-31,7322971.0,44926.0,55.28,0.0668,PACIFIC CAPITAL,URBAN REALTY,BK3722/PG282,NEWMARK CAPITAL MARKETS,False,SUBURBAN VALUE-ADD,,GOTHAM_SYNTHETIC,2025-08-31,2025-09-27T18:57:54,passed
SALE-PROP-000295-1,PROP-000295,2017-02-28,26878342.0,327785.0,401.94,0.0477,SUMMIT CAPITAL,CROWN REALTY,BK8292/PG295,CUSHMAN CAPITAL MARKETS,False,RIVER DISTRICT,,GOTHAM_SYNTHETIC,2025-08-31,2025-09-27T18:57:54,passed
SALE-PROP-000299-1,PROP-000299,2017-12-31,13734661.0,218010.0,285.32,0.0477,PACIFIC CAPITAL,NORTHSTAR REALTY,BK2889/PG825,JLL CAPITAL MARKETS,False,RIVER DISTRICT,,GOTHAM_SYNTHETIC,2025-08-31,2025-09-27T18:57:54,passed
SALE-PROP-000299-2,PROP-000299,2012-09-30,14261306.0,226370.0,296.26,0.06,ATLANTIC CAPITAL,NORTHSTAR REALTY,BK8853/PG414,NEWMARK CAPITAL MARKETS,False,RIVER DISTRICT,,GOTHAM_SYNTHETIC,2025-08-31,2025-09-27T18:57:54,passed
SALE-PROP-000300-1,PROP-000300,2016-05-31,12194305.0,213935.0,233.71,0.0616,SUMMIT CAPITAL,URBAN REALTY,BK1831/PG530,NEWMARK CAPITAL MARKETS,False,GOTHAM CORE MF,,GOTHAM_SYNTHETIC,2025-08-31,2025-09-27T18:57:54,passed
SALE-PROP-000301-1,PROP-000301,2018-12-31,16582822.0,318900.0,358.48,0.0545,ATLANTIC CAPITAL,NORTHSTAR REALTY,BK5254/PG277,CUSHMAN CAPITAL MARKETS,False,RIVER DISTRICT,,GOTHAM_SYNTHETIC,2025-08-31,2025-09-27T18:57:54,passed
SALE-PROP-000302-1,PROP-000302,2021-06-30,34994742.0,222896.0,274.71,0.0604,SUMMIT CAPITAL,NORTHSTAR REALTY,BK9486/PG161,NEWMARK CAPITAL MARKETS,False,,,GOTHAM_SYNTHETIC,2025-08-31,2025-09-27T18:57:54,passed
SALE-PROP-000302-2,PROP-000302,2012-10-31,35788473.0,227952.0,280.94,0.06,ATLANTIC CAPITAL,NORTHSTAR REALTY,BK6273/PG481,JLL CAPITAL MARKETS,False,SUBURBAN VALUE-ADD,,GOTHAM_SYNTHETIC,2025-08-31,2025-09-27T18:57:54,passed
SALE-PROP-000303-1,PROP-000303,2023-10-31,55828359.0,200102.0,254.42,0.048,HORIZON CAPITAL,NORTHSTAR REALTY,BK2370/PG340,JLL CAPITAL MARKETS,False,GOTHAM CORE MF,,GOTHAM_SYNTHETIC,2025-08-31,2025-09-27T18:57:54,passed
SALE-PROP-000304-1,PROP-000304,2017-07-31,50537566.0,171314.0,216.09,0.0573,PACIFIC CAPITAL,CROWN REALTY,BK7087/PG68,NEWMARK CAPITAL MARKETS,True,RIVER DISTRICT,,GOTHAM_SYNTHETIC,2025-08-31,2025-09-27T18:57:54,passed
SALE-PROP-000306-1,PROP-000306,2015-10-31,17752341.0,72164.0,80.99,0.0682,RIDGE CAPITAL,LEGACY REALTY,BK5273/PG173,CBRE CAPITAL MARKETS,False,RIVER DISTRICT,,GOTHAM_SYNTHETIC,2025-08-31,2025-09-27T18:57:54,passed
SALE-PROP-000312-1,PROP-000312,2019-12-31,24635041.0,276798.0,343.29,0.0537,ATLANTIC CAPITAL,NORTHSTAR REALTY,BK6146/PG398,BERKADIA CAPITAL MARKETS,True,,,GOTHAM_SYNTHETIC,2025-08-31,2025-09-27T18:57:54,passed
SALE-PROP-000314-1,PROP-000314,2023-10-31,29495229.0,313779.0,409.9,0.0554,RIDGE CAPITAL,URBAN REALTY,BK7191/PG363,CUSHMAN CAPITAL MARKETS,True,SUBURBAN VALUE-ADD,,GOTHAM_SYNTHETIC,2025-08-31,2025-09-27T18:57:54,passed
SALE-PROP-000318-1,PROP-000318,2019-12-31,2906254.0,96875.0,123.98,0.0561,SUMMIT CAPITAL,LEGACY REALTY,BK7054/PG687,CBRE CAPITAL MARKETS,False,RIVER DISTRICT,,GOTHAM_SYNTHETIC,2025-08-31,2025-09-27T18:57:54,passed
SALE-PROP-000320-1,PROP-000320,2015-09-30,41545637.0,209826.0,259.72,0.0644,HORIZON CAPITAL,SAPPHIRE REALTY,BK1868/PG426,JLL CAPITAL MARKETS,False,,,GOTHAM_SYNTHETIC,2025-08-31,2025-09-27T18:57:54,passed
SALE-PROP-000323-1,PROP-000323,2022-07-31,16699482.0,216876.0,268.91,0.045,HORIZON CAPITAL,LEGACY REALTY,BK1769/PG960,CBRE CAPITAL MARKETS,False,SUBURBAN VALUE-ADD,,GOTHAM_SYNTHETIC,2025-08-31,2025-09-27T18:57:54,passed
SALE-PROP-000325-1,PROP-000325,2019-10-31,12000451.0,279080.0,304.27,0.0575,RIDGE CAPITAL,URBAN REALTY,BK9969/PG981,BERKADIA CAPITAL MARKETS,False,RIVER DISTRICT,,GOTHAM_SYNTHETIC,2025-08-31,2025-09-27T18:57:54,passed
SALE-PROP-000327-1,PROP-000327,2015-10-31,3858613.0,52143.0,61.67,0.0637,HORIZON CAPITAL,SAPPHIRE REALTY,BK5387/PG258,JLL CAPITAL MARKETS,False,RIVER DISTRICT,,GOTHAM_SYNTHETIC,2025-08-31,2025-09-27T18:57:54,passed
SALE-PROP-000330-1,PROP-000330,2015-11-30,54925038.0,180082.0,220.07,0.051,RIDGE CAPITAL,SAPPHIRE REALTY,BK5875/PG172,CBRE CAPITAL MARKETS,False,,,GOTHAM_SYNTHETIC,2025-08-31,2025-09-27T18:57:54,passed
SALE-PROP-000332-1,PROP-000332,2021-07-31,68607650.0,270109.0,324.65,0.0488,RIDGE CAPITAL,LEGACY REALTY,BK2346/PG483,CBRE CAPITAL MARKETS,False,SUBURBAN VALUE-ADD,,GOTHAM_SYNTHETIC,2025-08-31,2025-09-27T18:57:54,passed
SALE-PROP-000332-2,PROP-000332,2014-02-28,69297543.0,272825.0,327.91,0.0491,SUMMIT CAPITAL,LEGACY REALTY,BK7122/PG785,CUSHMAN CAPITAL MARKETS,False,GOTHAM CORE MF,,GOTHAM_SYNTHETIC,2025-08-31,2025-09-27T18:57:54,passed
SALE-PROP-000333-1,PROP-000333,2012-10-31,9576867.0,273625.0,305.79,0.0529,RIDGE CAPITAL,LEGACY REALTY,BK9904/PG709,JLL CAPITAL MARKETS,False,GOTHAM CORE MF,,GOTHAM_SYNTHETIC,2025-08-31,2025-09-27T18:57:54,passed
SALE-PROP-000336-1,PROP-000336,2019-12-31,82528506.0,380316.0,480.92,0.045,ATLANTIC CAPITAL,CROWN REALTY,BK9277/PG948,CBRE CAPITAL MARKETS,False,GOTHAM CORE MF,,GOTHAM_SYNTHETIC,2025-08-31,2025-09-27T18:57:54,passed
SALE-PROP-000336-2,PROP-000336,2019-05-31,80112310.0,369181.0,466.84,0.0503,ATLANTIC CAPITAL,CROWN REALTY,BK9499/PG192,CUSHMAN CAPITAL MARKETS,False,RIVER DISTRICT,,GOTHAM_SYNTHETIC,2025-08-31,2025-09-27T18:57:54,passed
SALE-PROP-000339-1,PROP-000339,2024-04-30,34736256.0,251712.0,337.78,0.054,HORIZON CAPITAL,LEGACY REALTY,BK4912/PG219,JLL CAPITAL MARKETS,False,SUBURBAN VALUE-ADD,,GOTHAM_SYNTHETIC,2025-08-31,2025-09-27T18:57:54,passed
SALE-PROP-000339-2,PROP-000339,2020-12-31,31323745.0,226984.0,304.59,0.046,RIDGE CAPITAL,CROWN REALTY,BK6162/PG914,CBRE CAPITAL MARKETS,False,RIVER DISTRICT,,GOTHAM_SYNTHETIC,2025-08-31,2025-09-27T18:57:54,passed
SALE-PROP-000342-1,PROP-000342,2016-01-31,21352730.0,95325.0,113.82,0.0536,HORIZON CAPITAL,CROWN REALTY,BK1791/PG631,JLL CAPITAL MARKETS,False,GOTHAM CORE MF,,GOTHAM_SYNTHETIC,2025-08-31,2025-09-27T18:57:54,passed
SALE-PROP-000342-2,PROP-000342,2013-10-31,20032719.0,89432.0,106.78,0.0625,SUMMIT CAPITAL,SAPPHIRE REALTY,BK4551/PG147,BERKADIA CAPITAL MARKETS,False,RIVER DISTRICT,,GOTHAM_SYNTHETIC,2025-08-31,2025-09-27T18:57:54,passed
SALE-PROP-000343-1,PROP-000343,2023-09-30,23173531.0,125943.0,170.19,0.0609,HORIZON CAPITAL,NORTHSTAR REALTY,BK9272/PG518,CUSHMAN CAPITAL MARKETS,False,GOTHAM CORE MF,,GOTHAM_SYNTHETIC,2025-08-31,2025-09-27T18:57:54,passed
SALE-PROP-000343-2,PROP-000343,2016-12-31,28570895.0,155277.0,209.83,0.057,PACIFIC CAPITAL,CROWN REALTY,BK9592/PG923,CBRE CAPITAL MARKETS,True,RIVER DISTRICT,,GOTHAM_SYNTHETIC,2025-08-31,2025-09-27T18:57:54,passed
SALE-PROP-000344-1,PROP-000344,2023-11-30,29551255.0,146293.0,162.64,0.0597,HORIZON CAPITAL,LEGACY REALTY,BK7799/PG124,NEWMARK CAPITAL MARKETS,True,GOTHAM CORE MF,,GOTHAM_SYNTHETIC,2025-08-31,2025-09-27T18:57:54,passed
SALE-PROP-000345-1,PROP-000345,2019-01-31,69973820.0,278780.0,345.67,0.0523,PACIFIC CAPITAL,LEGACY REALTY,BK5647/PG852,NEWMARK CAPITAL MARKETS,True,,,GOTHAM_SYNTHETIC,2025-08-31,2025-09-27T18:57:54,passed
SALE-PROP-000345-2,PROP-000345,2023-11-30,82515952.0,328749.0,407.62,0.045,SUMMIT CAPITAL,SAPPHIRE REALTY,BK7027/PG634,CUSHMAN CAPITAL MARKETS,True,GOTHAM CORE MF,,GOTHAM_SYNTHETIC,2025-08-31,2025-09-27T18:57:54,passed
SALE-PROP-000346-1,PROP-000346,2022-12-31,15860208.0,149625.0,169.57,0.0477,ATLANTIC CAPITAL,LEGACY REALTY,BK2783/PG562,CUSHMAN CAPITAL MARKETS,False,,,GOTHAM_SYNTHETIC,2025-08-31,2025-09-27T18:57:54,passed
SALE-PROP-000348-1,PROP-000348,2015-06-30,6869359.0,69387.0,83.29,0.0665,PACIFIC CAPITAL,URBAN REALTY,BK3795/PG844,JLL CAPITAL MARKETS,False,RIVER DISTRICT,,GOTHAM_SYNTHETIC,2025-08-31,2025-09-27T18:57:54,passed
SALE-PROP-000349-1,PROP-000349,2020-03-31,3798662.0,39986.0,52.61,0.0559,RIDGE CAPITAL,SAPPHIRE REALTY,BK2257/PG104,CUSHMAN CAPITAL MARKETS,False,SUBURBAN VALUE-ADD,,GOTHAM_SYNTHETIC,2025-08-31,2025-09-27T18:57:54,passed
SALE-PROP-000349-2,PROP-000349,2021-12-31,4876699.0,51334.0,67.53,0.0682,ATLANTIC CAPITAL,SAPPHIRE REALTY,BK1702/PG859,CUSHMAN CAPITAL MARKETS,False,SUBURBAN VALUE-ADD,,GOTHAM_SYNTHETIC,2025-08-31,2025-09-27T18:57:54,passed
SALE-PROP-000350-1,PROP-000350,2018-02-28,9706275.0,61046.0,71.28,0.0638,HORIZON CAPITAL,CROWN REALTY,BK2572/PG129,JLL CAPITAL MARKETS,False,GOTHAM CORE MF,,GOTHAM_SYNTHETIC,2025-08-31,2025-09-27T18:57:54,passed
SALE-PROP-000350-2,PROP-000350,2024-05-31,9287902.0,58414.0,68.21,0.057,HORIZON CAPITAL,CROWN REALTY,BK4328/PG379,BERKADIA CAPITAL MARKETS,False,GOTHAM CORE MF,,GOTHAM_SYNTHETIC,2025-08-31,2025-09-27T18:57:54,passed
SALE-PROP-000353-1,PROP-000353,2023-03-31,9588129.0,204003.0,248.0,0.045,SUMMIT CAPITAL,NORTHSTAR REALTY,BK3875/PG796,JLL CAPITAL MARKETS,False,SUBURBAN VALUE-ADD,,GOTHAM_SYNTHETIC,2025-08-31,2025-09-27T18:57:54,passed
SALE-PROP-000353-2,PROP-000353,2019-08-31,7782156.0,165578.0,201.29,0.0518,PACIFIC CAPITAL,CROWN REALTY,BK4004/PG456,NEWMARK CAPITAL MARKETS,True,,,GOTHAM_SYNTHETIC,2025-08-31,2025-09-27T18:57:54,passed
SALE-PROP-000360-1,PROP-000360,2023-05-31,13027133.0,109472.0,129.0,0.0572,RIDGE CAPITAL,CROWN REALTY,BK1081/PG822,NEWMARK CAPITAL MARKETS,False,RIVER DISTRICT,,GOTHAM_SYNTHETIC,2025-08-31,2025-09-27T18:57:54,passed
SALE-PROP-000361-1,PROP-000361,2016-10-31,2635953.0,87865.0,98.28,0.0766,ATLANTIC CAPITAL,CROWN REALTY,BK3236/PG427,CBRE CAPITAL MARKETS,False,SUBURBAN VALUE-ADD,,GOTHAM_SYNTHETIC,2025-08-31,2025-09-27T18:57:54,passed
SALE-PROP-000363-1,PROP-000363,2014-03-31,22726387.0,234293.0,276.65,0.0543,PACIFIC CAPITAL,NORTHSTAR REALTY,BK1778/PG529,CUSHMAN CAPITAL MARKETS,False,GOTHAM CORE MF,,GOTHAM_SYNTHETIC,2025-08-31,2025-09-27T18:57:54,passed
SALE-PROP-000365-1,PROP-000365,2023-09-30,26239032.0,238537.0,300.8,0.0495,PACIFIC CAPITAL,LEGACY REALTY,BK3713/PG422,NEWMARK CAPITAL MARKETS,False,,,GOTHAM_SYNTHETIC,2025-08-31,2025-09-27T18:57:54,passed
SALE-PROP-000368-1,PROP-000368,2015-10-31,42292859.0,221429.0,230.44,0.0535,ATLANTIC CAPITAL,CROWN REALTY,BK8474/PG101,NEWMARK CAPITAL MARKETS,False,SUBURBAN VALUE-ADD,,GOTHAM_SYNTHETIC,2025-08-31,2025-09-27T18:57:54,passed
SALE-PROP-000368-2,PROP-000368,2015-02-28,48978602.0,256432.0,266.87,0.0549,ATLANTIC CAPITAL,URBAN REALTY,BK3407/PG348,NEWMARK CAPITAL MARKETS,True,GOTHAM CORE MF,,GOTHAM_SYNTHETIC,2025-08-31,2025-09-27T18:57:54,passed
SALE-PROP-000376-1,PROP-000376,2020-06-30,26280735.0,154593.0,196.66,0.0683,PACIFIC CAPITAL,SAPPHIRE REALTY,BK1897/PG427,NEWMARK CAPITAL MARKETS,False,,,GOTHAM_SYNTHETIC,2025-08-31,2025-09-27T18:57:54,passed
SALE-PROP-000377-1,PROP-000377,2017-02-28,7544275.0,251476.0,319.13,0.054,HORIZON CAPITAL,SAPPHIRE REALTY,BK3849/PG777,JLL CAPITAL MARKETS,False,RIVER DISTRICT,,GOTHAM_SYNTHETIC,2025-08-31,2025-09-27T18:57:54,passed
SALE-PROP-000379-1,PROP-000379,2014-05-31,17722384.0,79473.0,87.95,0.0646,ATLANTIC CAPITAL,URBAN REALTY,BK1286/PG866,CUSHMAN CAPITAL MARKETS,False,SUBURBAN VALUE-ADD,,GOTHAM_SYNTHETIC,2025-08-31,2025-09-27T18:57:54,passed
SALE-PROP-000379-2,PROP-000379,2017-10-31,18386664.0,82451.0,91.25,0.0627,HORIZON CAPITAL,URBAN REALTY,BK8113/PG359,CBRE CAPITAL MARKETS,False,RIVER DISTRICT,,GOTHAM_SYNTHETIC,2025-08-31,2025-09-27T18:57:54,passed
SALE-PROP-000383-1,PROP-000383,2022-12-31,4991117.0,166371.0,207.21,0.0542,PACIFIC CAPITAL,CROWN REALTY,BK7198/PG362,BERKADIA CAPITAL MARKETS,False,RIVER DISTRICT,,GOTHAM_SYNTHETIC,2025-08-31,2025-09-27T18:57:54,passed
SALE-PROP-000383-2,PROP-000383,2023-12-31,6545888.0,218196.0,271.76,0.0644,PACIFIC CAPITAL,SAPPHIRE REALTY,BK2609/PG698,JLL CAPITAL MARKETS,False,SUBURBAN VALUE-ADD,,GOTHAM_SYNTHETIC,2025-08-31,2025-09-27T18:57:54,passed
SALE-PROP-000387-1,PROP-000387,2020-02-29,17471793.0,129421.0,166.89,0.0652,ATLANTIC CAPITAL,URBAN REALTY,BK4942/PG611,CUSHMAN CAPITAL MARKETS,False,SUBURBAN VALUE-ADD,,GOTHAM_SYNTHETIC,2025-08-31,2025-09-27T18:57:54,passed
SALE-PROP-000389-1,PROP-000389,2022-01-31,11373789.0,98050.0,118.85,0.0534,SUMMIT CAPITAL,NORTHSTAR REALTY,BK1106/PG693,NEWMARK CAPITAL MARKETS,False,,,GOTHAM_SYNTHETIC,2025-08-31,2025-09-27T18:57:54,passed
SALE-PROP-000391-1,PROP-000391,2023-02-28,11297026.0,126933.0,152.27,0.0568,ATLANTIC CAPITAL,URBAN REALTY,BK2229/PG93,JLL CAPITAL MARKETS,False,SUBURBAN VALUE-ADD,,GOTHAM_SYNTHETIC,2025-08-31,2025-09-27T18:57:54,passed
SALE-PROP-000394-1,PROP-000394,2017-12-31,20110118.0,170425.0,203.4,0.0566,HORIZON CAPITAL,CROWN REALTY,BK5575/PG92,CUSHMAN CAPITAL MARKETS,False,GOTHAM CORE MF,,GOTHAM_SYNTHETIC,2025-08-31,2025-09-27T18:57:54,passed
SALE-PROP-000396-1,PROP-000396,2018-06-30,49627962.0,381754.0,464.82,0.0588,ATLANTIC CAPITAL,URBAN REALTY,BK8263/PG667,BERKADIA CAPITAL MARKETS,False,GOTHAM CORE MF,,GOTHAM_SYNTHETIC,2025-08-31,2025-09-27T18:57:54,passed
SALE-PROP-000396-2,PROP-000396,2013-03-31,39381743.0,302936.0,368.85,0.0526,SUMMIT CAPITAL,LEGACY REALTY,BK5425/PG27,BERKADIA CAPITAL MARKETS,False,SUBURBAN VALUE-ADD,,GOTHAM_SYNTHETIC,2025-08-31,2025-09-27T18:57:54,passed
SALE-PROP-000397-1,PROP-000397,2013-01-31,54886565.0,290405.0,337.84,0.0595,SUMMIT CAPITAL,SAPPHIRE REALTY,BK7744/PG697,JLL CAPITAL MARKETS,False,SUBURBAN VALUE-ADD,,GOTHAM_SYNTHETIC,2025-08-31,2025-09-27T18:57:54,passed
SALE-PROP-000398-1,PROP-000398,2013-01-31,39443334.0,340029.0,388.34,0.0572,PACIFIC CAPITAL,SAPPHIRE REALTY,BK1781/PG174,NEWMARK CAPITAL MARKETS,False,GOTHAM CORE MF,,GOTHAM_SYNTHETIC,2025-08-31,2025-09-27T18:57:54,passed
SALE-PROP-000400-1,PROP-000400,2015-10-31,9640308.0,62599.0,81.74,0.0773,ATLANTIC CAPITAL,LEGACY REALTY,BK2100/PG209,JLL CAPITAL MARKETS,False,RIVER DISTRICT,,GOTHAM_SYNTHETIC,2025-08-31,2025-09-27T18:57:54,passed
SALE-PROP-000400-2,PROP-000400,2023-06-30,11064119.0,71845.0,93.82,0.0833,RIDGE CAPITAL,LEGACY REALTY,BK3805/PG217,CUSHMAN CAPITAL MARKETS,False,,,GOTHAM_SYNTHETIC,2025-08-31,2025-09-27T18:57:54,passed
SALE-PROP-000401-1,PROP-000401,2017-08-31,13071024.0,184099.0,207.95,0.0652,SUMMIT CAPITAL,URBAN REALTY,BK2665/PG90,NEWMARK CAPITAL MARKETS,True,,,GOTHAM_SYNTHETIC,2025-08-31,2025-09-27T18:57:54,passed
SALE-PROP-000402-1,PROP-000402,2020-12-31,4981778.0,166059.0,205.65,0.072,RIDGE CAPITAL,URBAN REALTY,BK8663/PG517,NEWMARK CAPITAL MARKETS,False,SUBURBAN VALUE-ADD,,GOTHAM_SYNTHETIC,2025-08-31,2025-09-27T18:57:54,passed
SALE-PROP-000402-2,PROP-000402,2018-07-31,6140387.0,204680.0,253.47,0.0604,SUMMIT CAPITAL,URBAN REALTY,BK8331/PG86,NEWMARK CAPITAL MARKETS,False,SUBURBAN VALUE-ADD,,GOTHAM_SYNTHETIC,2025-08-31,2025-09-27T18:57:54,passed
SALE-PROP-000405-1,PROP-000405,2024-06-30,21452877.0,235746.0,291.48,0.0599,PACIFIC CAPITAL,LEGACY REALTY,BK9360/PG54,CBRE CAPITAL MARKETS,False,SUBURBAN VALUE-ADD,,GOTHAM_SYNTHETIC,2025-08-31,2025-09-27T18:57:54,passed
SALE-PROP-000405-2,PROP-000405,2024-05-31,22488103.0,247122.0,305.54,0.0599,PACIFIC CAPITAL,URBAN REALTY,BK5098/PG861,CBRE CAPITAL MARKETS,False,GOTHAM CORE MF,,GOTHAM_SYNTHETIC,2025-08-31,2025-09-27T18:57:54,passed
SALE-PROP-000412-1,PROP-000412,2014-07-31,31398634.0,146723.0,179.87,0.0657,PACIFIC CAPITAL,CROWN REALTY,BK9785/PG857,JLL CAPITAL MARKETS,True,RIVER DISTRICT,,GOTHAM_SYNTHETIC,2025-08-31,2025-09-27T18:57:54,passed
SALE-PROP-000413-1,PROP-000413,2021-11-30,19078319.0,127189.0,145.54,0.0518,ATLANTIC CAPITAL,LEGACY REALTY,BK9049/PG813,NEWMARK CAPITAL MARKETS,False,,,GOTHAM_SYNTHETIC,2025-08-31,2025-09-27T18:57:54,passed
SALE-PROP-000413-2,PROP-000413,2020-12-31,19937808.0,132919.0,152.1,0.0468,SUMMIT CAPITAL,NORTHSTAR REALTY,BK9442/PG191,NEWMARK CAPITAL MARKETS,False,SUBURBAN VALUE-ADD,,GOTHAM_SYNTHETIC,2025-08-31,2025-09-27T18:57:54,passed
SALE-PROP-000415-1,PROP-000415,2013-08-31,43652564.0,262967.0,299.44,0.0468,PACIFIC CAPITAL,CROWN REALTY,BK9922/PG746,BERKADIA CAPITAL MARKETS,False,GOTHAM CORE MF,,GOTHAM_SYNTHETIC,2025-08-31,2025-09-27T18:57:54,passed
SALE-PROP-000415-2,PROP-000415,2017-01-31,45201448.0,272298.0,310.06,0.0531,HORIZON CAPITAL,SAPPHIRE REALTY,BK9134/PG251,BERKADIA CAPITAL MARKETS,False,RIVER DISTRICT,,GOTHAM_SYNTHETIC,2025-08-31,2025-09-27T18:57:54,passed
SALE-PROP-000417-1,PROP-000417,2017-12-31,15677320.0,186635.0,239.49,0.0639,SUMMIT CAPITAL,NORTHSTAR REALTY,BK3800/PG194,JLL CAPITAL MARKETS,False,SUBURBAN VALUE-ADD,,GOTHAM_SYNTHETIC,2025-08-31,2025-09-27T18:57:54,passed
SALE-PROP-000419-1,PROP-000419,2013-10-31,5683153.0,83576.0,102.94,0.0666,RIDGE CAPITAL,NORTHSTAR REALTY,BK6489/PG562,BERKADIA CAPITAL MARKETS,False,SUBURBAN VALUE-ADD,,GOTHAM_SYNTHETIC,2025-08-31,2025-09-27T18:57:54,passed
SALE-PROP-000419-2,PROP-000419,2017-11-30,7075086.0,104045.0,128.15,0.065,SUMMIT CAPITAL,NORTHSTAR REALTY,BK9566/PG676,JLL CAPITAL MARKETS,True,RIVER DISTRICT,,GOTHAM_SYNTHETIC,2025-08-31,2025-09-27T18:57:54,passed
SALE-PROP-000420-1,PROP-000420,2016-11-30,10005293.0,104222.0,116.81,0.047,HORIZON CAPITAL,CROWN REALTY,BK9753/PG801,CUSHMAN CAPITAL MARKETS,False,SUBURBAN VALUE-ADD,,GOTHAM_SYNTHETIC,2025-08-31,2025-09-27T18:57:54,passed
SALE-PROP-000420-2,PROP-000420,2016-08-31,12266820.0,127779.0,143.22,0.0549,SUMMIT CAPITAL,URBAN REALTY,BK1619/PG881,CUSHMAN CAPITAL MARKETS,False,RIVER DISTRICT,,GOTHAM_SYNTHETIC,2025-08-31,2025-09-27T18:57:54,passed
SALE-PROP-000427-1,PROP-000427,2019-11-30,28993871.0,231951.0,262.92,0.0452,RIDGE CAPITAL,CROWN REALTY,BK9391/PG576,CBRE CAPITAL MARKETS,False,SUBURBAN VALUE-ADD,,GOTHAM_SYNTHETIC,2025-08-31,2025-09-27T18:57:54,passed
SALE-PROP-000428-1,PROP-000428,2023-09-30,38347529.0,203976.0,238.63,0.0484,PACIFIC CAPITAL,NORTHSTAR REALTY,BK6848/PG955,JLL CAPITAL MARKETS,False,,,GOTHAM_SYNTHETIC,2025-08-31,2025-09-27T18:57:54,passed
SALE-PROP-000428-2,PROP-000428,2017-02-28,41509512.0,220795.0,258.3,0.0477,PACIFIC CAPITAL,URBAN REALTY,BK9835/PG797,JLL CAPITAL MARKETS,True,,,GOTHAM_SYNTHETIC,2025-08-31,2025-09-27T18:57:54,passed
SALE-PROP-000429-1,PROP-000429,2015-07-31,3901297.0,130043.0,155.8,0.0575,PACIFIC CAPITAL,SAPPHIRE REALTY,BK9719/PG514,BERKADIA CAPITAL MARKETS,False,,,GOTHAM_SYNTHETIC,2025-08-31,2025-09-27T18:57:54,passed
SALE-PROP-000432-1,PROP-000432,2018-12-31,6595071.0,193973.0,221.18,0.0589,ATLANTIC CAPITAL,URBAN REALTY,BK9092/PG777,CBRE CAPITAL MARKETS,False,SUBURBAN VALUE-ADD,,GOTHAM_SYNTHETIC,2025-08-31,2025-09-27T18:57:54,passed
SALE-PROP-000434-1,PROP-000434,2013-10-31,3009447.0,88513.0,103.15,0.0661,SUMMIT CAPITAL,LEGACY REALTY,BK1849/PG722,CUSHMAN CAPITAL MARKETS,False,SUBURBAN VALUE-ADD,,GOTHAM_SYNTHETIC,2025-08-31,2025-09-27T18:57:54,passed
SALE-PROP-000436-1,PROP-000436,2014-01-31,29970042.0,222000.0,257.66,0.0585,ATLANTIC CAPITAL,NORTHSTAR REALTY,BK1501/PG699,CBRE CAPITAL MARKETS,True,RIVER DISTRICT,,GOTHAM_SYNTHETIC,2025-08-31,2025-09-27T18:57:54,passed
SALE-PROP-000436-2,PROP-000436,2013-03-31,25546525.0,189234.0,219.63,0.0648,RIDGE CAPITAL,LEGACY REALTY,BK5115/PG196,NEWMARK CAPITAL MARKETS,False,,,GOTHAM_SYNTHETIC,2025-08-31,2025-09-27T18:57:54,passed
SALE-PROP-000437-1,PROP-000437,2015-04-30,11472773.0,155037.0,179.98,0.0591,SUMMIT CAPITAL,URBAN REALTY,BK3180/PG709,NEWMARK CAPITAL MARKETS,False,SUBURBAN VALUE-ADD,,GOTHAM_SYNTHETIC,2025-08-31,2025-09-27T18:57:54,passed
SALE-PROP-000437-2,PROP-000437,2018-05-31,12895186.0,174259.0,202.3,0.062,SUMMIT CAPITAL,CROWN REALTY,BK2689/PG358,BERKADIA CAPITAL MARKETS,True,GOTHAM CORE MF,,GOTHAM_SYNTHETIC,2025-08-31,2025-09-27T18:57:54,passed
SALE-PROP-000440-1,PROP-000440,2013-01-31,36739615.0,278330.0,301.61,0.0656,SUMMIT CAPITAL,LEGACY REALTY,BK7374/PG181,NEWMARK CAPITAL MARKETS,True,RIVER DISTRICT,,GOTHAM_SYNTHETIC,2025-08-31,2025-09-27T18:57:54,passed
SALE-PROP-000440-2,PROP-000440,2013-05-31,39723615.0,300936.0,326.11,0.045,RIDGE CAPITAL,CROWN REALTY,BK7062/PG114,JLL CAPITAL MARKETS,False,GOTHAM CORE MF,,GOTHAM_SYNTHETIC,2025-08-31,2025-09-27T18:57:54,passed
SALE-PROP-000442-1,PROP-000442,2023-10-31,15584982.0,210608.0,245.92,0.0688,PACIFIC CAPITAL,CROWN REALTY,BK5306/PG989,BERKADIA CAPITAL MARKETS,False,SUBURBAN VALUE-ADD,,GOTHAM_SYNTHETIC,2025-08-31,2025-09-27T18:57:54,passed
SALE-PROP-000442-2,PROP-000442,2023-11-30,13985670.0,188996.0,220.68,0.0574,RIDGE CAPITAL,SAPPHIRE REALTY,BK5707/PG854,CUSHMAN CAPITAL MARKETS,False,RIVER DISTRICT,,GOTHAM_SYNTHETIC,2025-08-31,2025-09-27T18:57:54,passed
SALE-PROP-000443-1,PROP-000443,2013-12-31,13808892.0,197270.0,235.49,0.0547,ATLANTIC CAPITAL,NORTHSTAR REALTY,BK2854/PG945,BERKADIA CAPITAL MARKETS,False,RIVER DISTRICT,,GOTHAM_SYNTHETIC,2025-08-31,2025-09-27T18:57:54,passed
SALE-PROP-000444-1,PROP-000444,2015-05-31,26860348.0,233568.0,290.94,0.0547,RIDGE CAPITAL,NORTHSTAR REALTY,BK2409/PG868,CUSHMAN CAPITAL MARKETS,False,SUBURBAN VALUE-ADD,,GOTHAM_SYNTHETIC,2025-08-31,2025-09-27T18:57:54,passed
SALE-PROP-000444-2,PROP-000444,2023-03-31,26209031.0,227905.0,283.89,0.0594,RIDGE CAPITAL,SAPPHIRE REALTY,BK2761/PG344,CUSHMAN CAPITAL MARKETS,False,RIVER DISTRICT,,GOTHAM_SYNTHETIC,2025-08-31,2025-09-27T18:57:54,passed
SALE-PROP-000446-1,PROP-000446,2018-01-31,30087467.0,167153.0,191.8,0.0504,ATLANTIC CAPITAL,NORTHSTAR REALTY,BK4901/PG827,BERKADIA CAPITAL MARKETS,False,SUBURBAN VALUE-ADD,,GOTHAM_SYNTHETIC,2025-08-31,2025-09-27T18:57:54,passed
SALE-PROP-000447-1,PROP-000447,2021-09-30,40339685.0,175390.0,210.6,0.0674,HORIZON CAPITAL,LEGACY REALTY,BK2427/PG46,CUSHMAN CAPITAL MARKETS,True,,,GOTHAM_SYNTHETIC,2025-08-31,2025-09-27T18:57:54,passed
SALE-PROP-000447-2,PROP-000447,2014-12-31,40402431.0,175663.0,210.93,0.057,HORIZON CAPITAL,CROWN REALTY,BK9580/PG494,NEWMARK CAPITAL MARKETS,True,RIVER DISTRICT,,GOTHAM_SYNTHETIC,2025-08-31,2025-09-27T18:57:54,passed
SALE-PROP-000449-1,PROP-000449,2022-05-31,48261287.0,203634.0,232.09,0.0542,ATLANTIC CAPITAL,CROWN REALTY,BK6706/PG421,JLL CAPITAL MARKETS,False,SUBURBAN VALUE-ADD,,GOTHAM_SYNTHETIC,2025-08-31,2025-09-27T18:57:54,passed
SALE-PROP-000449-2,PROP-000449,2016-02-29,44354738.0,187151.0,213.3,0.0522,PACIFIC CAPITAL,NORTHSTAR REALTY,BK6315/PG894,NEWMARK CAPITAL MARKETS,False,,,GOTHAM_SYNTHETIC,2025-08-31,2025-09-27T18:57:54,passed
SALE-PROP-000451-1,PROP-000451,2022-01-31,15071546.0,80597.0,102.78,0.0742,RIDGE CAPITAL,CROWN REALTY,BK6526/PG768,CUSHMAN CAPITAL MARKETS,False,SUBURBAN VALUE-ADD,,GOTHAM_SYNTHETIC,2025-08-31,2025-09-27T18:57:54,passed
SALE-PROP-000454-1,PROP-000454,2012-11-30,4540152.0,151338.0,179.44,0.0585,RIDGE CAPITAL,URBAN REALTY,BK9225/PG141,CUSHMAN CAPITAL MARKETS,False,GOTHAM CORE MF,,GOTHAM_SYNTHETIC,2025-08-31,2025-09-27T18:57:54,passed
SALE-PROP-000454-2,PROP-000454,2022-09-30,4316630.0,143888.0,170.6,0.0589,PACIFIC CAPITAL,LEGACY REALTY,BK1416/PG149,CBRE CAPITAL MARKETS,False,GOTHAM CORE MF,,GOTHAM_SYNTHETIC,2025-08-31,2025-09-27T18:57:54,passed
SALE-PROP-000455-1,PROP-000455,2018-10-31,33859081.0,184017.0,225.23,0.0689,SUMMIT CAPITAL,CROWN REALTY,BK4802/PG84,JLL CAPITAL MARKETS,True,GOTHAM CORE MF,,GOTHAM_SYNTHETIC,2025-08-31,2025-09-27T18:57:54,passed
SALE-PROP-000455-2,PROP-000455,2019-03-31,38765362.0,210681.0,257.87,0.057,HORIZON CAPITAL,URBAN REALTY,BK1091/PG341,CUSHMAN CAPITAL MARKETS,False,RIVER DISTRICT,,GOTHAM_SYNTHETIC,2025-08-31,2025-09-27T18:57:54,passed
SALE-PROP-000460-1,PROP-000460,2015-12-31,22502955.0,264741.0,315.39,0.0568,ATLANTIC CAPITAL,SAPPHIRE REALTY,BK7321/PG610,NEWMARK CAPITAL MARKETS,False,,,GOTHAM_SYNTHETIC,2025-08-31,2025-09-27T18:57:54,passed
SALE-PROP-000460-2,PROP-000460,2022-01-31,21291133.0,250484.0,298.41,0.0518,SUMMIT CAPITAL,SAPPHIRE REALTY,BK8356/PG930,BERKADIA CAPITAL MARKETS,False,SUBURBAN VALUE-ADD,,GOTHAM_SYNTHETIC,2025-08-31,2025-09-27T18:57:54,passed
SALE-PROP-000462-1,PROP-000462,2022-03-31,6757678.0,225256.0,247.78,0.0641,ATLANTIC CAPITAL,URBAN REALTY,BK7042/PG304,JLL CAPITAL MARKETS,False,GOTHAM CORE MF,,GOTHAM_SYNTHETIC,2025-08-31,2025-09-27T18:57:54,passed
SALE-PROP-000465-1,PROP-000465,2013-06-30,25083113.0,266842.0,318.35,0.0577,SUMMIT CAPITAL,NORTHSTAR REALTY,BK3069/PG214,NEWMARK CAPITAL MARKETS,True,GOTHAM CORE MF,,GOTHAM_SYNTHETIC,2025-08-31,2025-09-27T18:57:54,passed
SALE-PROP-000468-1,PROP-000468,2022-12-31,36107470.0,194126.0,251.46,0.0674,SUMMIT CAPITAL,SAPPHIRE REALTY,BK5299/PG511,JLL CAPITAL MARKETS,False,,,GOTHAM_SYNTHETIC,2025-08-31,2025-09-27T18:57:54,passed
SALE-PROP-000469-1,PROP-000469,2017-02-28,34540223.0,363581.0,449.64,0.0499,ATLANTIC CAPITAL,NORTHSTAR REALTY,BK8471/PG191,JLL CAPITAL MARKETS,False,,,GOTHAM_SYNTHETIC,2025-08-31,2025-09-27T18:57:54,passed
SALE-PROP-000471-1,PROP-000471,2015-10-31,17828504.0,100726.0,131.22,0.071,RIDGE CAPITAL,SAPPHIRE REALTY,BK3222/PG398,JLL CAPITAL MARKETS,False,GOTHAM CORE MF,,GOTHAM_SYNTHETIC,2025-08-31,2025-09-27T18:57:54,passed
SALE-PROP-000471-2,PROP-000471,2019-06-30,15653604.0,88438.0,115.21,0.0527,ATLANTIC CAPITAL,NORTHSTAR REALTY,BK9371/PG846,BERKADIA CAPITAL MARKETS,False,RIVER DISTRICT,,GOTHAM_SYNTHETIC,2025-08-31,2025-09-27T18:57:54,passed
SALE-PROP-000473-1,PROP-000473,2013-01-31,36937418.0,252996.0,305.74,0.0506,HORIZON CAPITAL,SAPPHIRE REALTY,BK3876/PG74,BERKADIA CAPITAL MARKETS,False,RIVER DISTRICT,,GOTHAM_SYNTHETIC,2025-08-31,2025-09-27T18:57:54,passed
SALE-PROP-000476-1,PROP-000476,2024-03-31,31181592.0,174199.0,196.46,0.0604,SUMMIT CAPITAL,URBAN REALTY,BK3542/PG600,NEWMARK CAPITAL MARKETS,False,RIVER DISTRICT,,GOTHAM_SYNTHETIC,2025-08-31,2025-09-27T18:57:54,passed
SALE-PROP-000485-1,PROP-000485,2021-06-30,45181205.0,212118.0,245.48,0.0573,RIDGE CAPITAL,LEGACY REALTY,BK5006/PG818,NEWMARK CAPITAL MARKETS,False,RIVER DISTRICT,,GOTHAM_SYNTHETIC,2025-08-31,2025-09-27T18:57:54,passed
SALE-PROP-000486-1,PROP-000486,2020-02-29,21329918.0,193908.0,229.94,0.0668,HORIZON CAPITAL,SAPPHIRE REALTY,BK8586/PG764,BERKADIA CAPITAL MARKETS,False,,,GOTHAM_SYNTHETIC,2025-08-31,2025-09-27T18:57:54,passed
SALE-PROP-000486-2,PROP-000486,2020-05-31,23399622.0,212724.0,252.25,0.0572,HORIZON CAPITAL,CROWN REALTY,BK6449/PG277,CUSHMAN CAPITAL MARKETS,False,,,GOTHAM_SYNTHETIC,2025-08-31,2025-09-27T18:57:54,passed
SALE-PROP-000489-1,PROP-000489,2014-11-30,17565645.0,172212.0,227.31,0.0625,PACIFIC CAPITAL,NORTHSTAR REALTY,BK4060/PG594,JLL CAPITAL MARKETS,False,RIVER DISTRICT,,GOTHAM_SYNTHETIC,2025-08-31,2025-09-27T18:57:54,passed
SALE-PROP-000489-2,PROP-000489,2024-03-31,19509555.0,191270.0,252.47,0.058,SUMMIT CAPITAL,CROWN REALTY,BK8676/PG787,NEWMARK CAPITAL MARKETS,False,GOTHAM CORE MF,,GOTHAM_SYNTHETIC,2025-08-31,2025-09-27T18:57:54,passed
SALE-PROP-000490-1,PROP-000490,2021-11-30,36357066.0,163036.0,181.82,0.045,ATLANTIC CAPITAL,CROWN REALTY,BK4981/PG143,JLL CAPITAL MARKETS,True,GOTHAM CORE MF,,GOTHAM_SYNTHETIC,2025-08-31,2025-09-27T18:57:54,passed
SALE-PROP-000490-2,PROP-000490,2022-03-31,41549714.0,186322.0,207.79,0.0515,PACIFIC CAPITAL,NORTHSTAR REALTY,BK9978/PG202,JLL CAPITAL MARKETS,True,GOTHAM CORE MF,,GOTHAM_SYNTHETIC,2025-08-31,2025-09-27T18:57:54,passed
SALE-PROP-000491-1,PROP-000491,2014-10-31,42627731.0,235512.0,280.07,0.0587,PACIFIC CAPITAL,CROWN REALTY,BK9248/PG528,NEWMARK CAPITAL MARKETS,False,RIVER DISTRICT,,GOTHAM_SYNTHETIC,2025-08-31,2025-09-27T18:57:54,passed
SALE-PROP-000491-2,PROP-000491,2012-09-30,54620523.0,301771.0,358.87,0.0551,RIDGE CAPITAL,CROWN REALTY,BK6855/PG199,JLL CAPITAL MARKETS,False,,,GOTHAM_SYNTHETIC,2025-08-31,2025-09-27T18:57:54,passed
SALE-PROP-000497-1,PROP-000497,2020-04-30,40225363.0,205231.0,232.08,0.0563,SUMMIT CAPITAL,SAPPHIRE REALTY,BK2343/PG844,NEWMARK CAPITAL MARKETS,False,SUBURBAN VALUE-ADD,,GOTHAM_SYNTHETIC,2025-08-31,2025-09-27T18:57:54,passed
SALE-PROP-000498-1,PROP-000498,2019-06-30,4586872.0,86545.0,104.46,0.0708,SUMMIT CAPITAL,CROWN REALTY,BK2533/PG33,JLL CAPITAL MARKETS,False,RIVER DISTRICT,,GOTHAM_SYNTHETIC,2025-08-31,2025-09-27T18:57:54,passed
